{
"type": "FeatureCollection",
"name": "quartiers_cocody",
"crs": { "type": "name", "properties": { "name": "urn:ogc:def:crs:OGC:1.3:CRS84" } },
"features": [
{ "type": "Feature", "properties": { "id": 9.0, "objectid": 10.0, "area": 589245.78, "commune": "COCODY", "nom_quar": "EECI RIVIERA", "shape_leng": 0.0390628322592, "shape_area": 4.8099510300999998e-05, "commune_id": 4.0 }, "geometry": { "type": "MultiPolygon", "coordinates": [ [ [ [ -3.954323501999966, 5.346854866000058 ], [ -3.954988733999926, 5.346281720000036 ], [ -3.95567178999994, 5.345745857000054 ], [ -3.956731239999954, 5.345513553000046 ], [ -3.960925155999973, 5.344480935000036 ], [ -3.967412598999942, 5.338909639000065 ], [ -3.966726292999965, 5.339699348000067 ], [ -3.965992849999964, 5.341003578000027 ], [ -3.964892377999945, 5.342587090000052 ], [ -3.964400937999926, 5.343377623000038 ], [ -3.964179703999946, 5.344012831000043 ], [ -3.963763716999949, 5.345625795000046 ], [ -3.963659248999932, 5.346991222000042 ], [ -3.963765611999975, 5.34737943500005 ], [ -3.963471659999925, 5.347681215000023 ], [ -3.963428479999948, 5.348923870000021 ], [ -3.963398518999952, 5.349241631000041 ], [ -3.96327793699993, 5.34949960900002 ], [ -3.962903086999972, 5.350008426000045 ], [ -3.958025365999958, 5.349845334000065 ], [ -3.95802516699996, 5.349899040000025 ], [ -3.958015259999968, 5.350238252000054 ], [ -3.95800642599994, 5.350542412000038 ], [ -3.958005989999947, 5.35062438500006 ], [ -3.957975530999931, 5.350623867000024 ], [ -3.957867154999974, 5.350571461000072 ], [ -3.957765798999958, 5.35049925800007 ], [ -3.95644993999997, 5.349064813000041 ], [ -3.955212957999947, 5.347752354000022 ], [ -3.954323501999966, 5.346854866000058 ] ] ] ] } },
{ "type": "Feature", "properties": { "id": 11.0, "objectid": 12.0, "area": 1748380.64, "commune": "COCODY", "nom_quar": "M'BADON", "shape_leng": 0.071185686518599994, "shape_area": 0.000142717199982, "commune_id": 4.0 }, "geometry": { "type": "MultiPolygon", "coordinates": [ [ [ [ -3.937497241999949, 5.323384515000043 ], [ -3.938007949999928, 5.325801659000035 ], [ -3.93800033499997, 5.325987665000071 ], [ -3.937897109999938, 5.326166466000075 ], [ -3.936616107999953, 5.327387834000035 ], [ -3.937395909999964, 5.328166239000041 ], [ -3.937692751999975, 5.328464848000067 ], [ -3.938013678999937, 5.328838043000076 ], [ -3.942101630999957, 5.332886916000064 ], [ -3.942504399999962, 5.338657754000053 ], [ -3.941178215999969, 5.339846414000021 ], [ -3.940728683999964, 5.341880029000038 ], [ -3.929862918999959, 5.342045253000038 ], [ -3.929878058999975, 5.341986435000024 ], [ -3.929870627999946, 5.341920868000045 ], [ -3.92987250699997, 5.341858113000058 ], [ -3.929832654999927, 5.341799379000065 ], [ -3.929791122999973, 5.341749127000071 ], [ -3.929783701999952, 5.341690344000028 ], [ -3.929825086999926, 5.341642794000052 ], [ -3.929838533999941, 5.341583413000023 ], [ -3.929855634999967, 5.341516113000068 ], [ -3.929887162999933, 5.34147762300006 ], [ -3.929900624999959, 5.341427853000027 ], [ -3.929884474999938, 5.341378128000031 ], [ -3.929887797999925, 5.34133741900007 ], [ -3.929911409999931, 5.341286504000038 ], [ -3.929955340999925, 5.341244037000024 ], [ -3.930006016999926, 5.341186862000029 ], [ -3.930057259999955, 5.341131382000071 ], [ -3.930107662999944, 5.341079861000026 ], [ -3.930157214999952, 5.34102494800004 ], [ -3.930215780999958, 5.340963239000075 ], [ -3.930271821999952, 5.340910578000035 ], [ -3.930329273999973, 5.340857915000072 ], [ -3.930364440999938, 5.340801894000037 ], [ -3.930408633999946, 5.34074642500002 ], [ -3.93046439799997, 5.340696591000039 ], [ -3.93053116599998, 5.340650698000047 ], [ -3.930594265999957, 5.340603680000072 ], [ -3.930663831999937, 5.340542519000053 ], [ -3.930733951999969, 5.340475703000038 ], [ -3.93079617799998, 5.34040946500005 ], [ -3.930856421999977, 5.340338708000047 ], [ -3.930916951999961, 5.340270776000068 ], [ -3.930973524999956, 5.340196067000022 ], [ -3.931023056999948, 5.340128152000034 ], [ -3.931078219999961, 5.340054575000067 ], [ -3.931136778999928, 5.339987777000033 ], [ -3.93119790999998, 5.339944154000023 ], [ -3.931264754999972, 5.339949141000034 ], [ -3.931320544999949, 5.339916832000029 ], [ -3.931376574999945, 5.339856822000058 ], [ -3.931432319999942, 5.339795117000051 ], [ -3.931486390999964, 5.339744720000056 ], [ -3.931514259999972, 5.339711323000074 ], [ -3.931543264999959, 5.339683013000069 ], [ -3.931591982999976, 5.339636582000026 ], [ -3.93163872599996, 5.339589588000024 ], [ -3.931685481999978, 5.339550510000038 ], [ -3.931743249999954, 5.339521025000067 ], [ -3.93179564299993, 5.339480241000047 ], [ -3.931839846999935, 5.339432121000073 ], [ -3.931881231999967, 5.339385701000026 ], [ -3.931927161999965, 5.339360192000072 ], [ -3.931956990999936, 5.339317181000069 ], [ -3.932006576999925, 5.339285448000055 ], [ -3.932061507999947, 5.339244660000077 ], [ -3.932105720999971, 5.339202759000045 ], [ -3.932147940999926, 5.33914842300004 ], [ -3.932165898999926, 5.339088471000025 ], [ -3.932203608999941, 5.339035272000046 ], [ -3.932253174999971, 5.338989971000046 ], [ -3.932314602999952, 5.338956523000036 ], [ -3.932374901999935, 5.338921946000028 ], [ -3.932436302999974, 5.338870408000048 ], [ -3.932494046999977, 5.338825094000072 ], [ -3.932556299999931, 5.338776946000053 ], [ -3.932614863999959, 5.338714671000048 ], [ -3.932679622999956, 5.338645602000042 ], [ -3.932747198999948, 5.338574833000052 ], [ -3.932811941999944, 5.338495023000064 ], [ -3.932865995999975, 5.338433885000029 ], [ -3.932912991999956, 5.338367670000025 ], [ -3.93295070399995, 5.338316168000063 ], [ -3.933009294999977, 5.338271418000033 ], [ -3.933072401999937, 5.338228922000042 ], [ -3.933133796999925, 5.338173426000026 ], [ -3.93319489299995, 5.338106625000023 ], [ -3.933248937999963, 5.338039833000039 ], [ -3.933312004999948, 5.337970767000058 ], [ -3.93337340599993, 5.337919794000072 ], [ -3.933433681999929, 5.337869954000041 ], [ -3.933463494999955, 5.337816767000049 ], [ -3.933507703999965, 5.337772604000065 ], [ -3.933565478999981, 5.337747642000068 ], [ -3.933603196999968, 5.337700097000038 ], [ -3.933609323999974, 5.337649208000073 ], [ -3.933578820999969, 5.337618726000073 ], [ -3.933535370999948, 5.337605789000065 ], [ -3.933508235999966, 5.337564561000022 ], [ -3.933513520999952, 5.337516500000049 ], [ -3.933482722999941, 5.337477539000076 ], [ -3.933426014999952, 5.337462361000064 ], [ -3.933363646999965, 5.337433624000028 ], [ -3.93332578299993, 5.337384498000063 ], [ -3.933279509999977, 5.337369304000049 ], [ -3.933238059999951, 5.337372759000061 ], [ -3.93319656999995, 5.337350208000032 ], [ -3.933179288999952, 5.337298224000051 ], [ -3.933125101999963, 5.337271736000048 ], [ -3.933062726999935, 5.337238476000039 ], [ -3.932981427999948, 5.337185458000022 ], [ -3.932932876999928, 5.337156135000043 ], [ -3.932854117999966, 5.337104809000039 ], [ -3.932780205999961, 5.337087961000066 ], [ -3.932696139999962, 5.337070563000054 ], [ -3.932597648999945, 5.337025486000073 ], [ -3.932523677999939, 5.336969631000045 ], [ -3.932450526999958, 5.33689737900005 ], [ -3.932422527999961, 5.336844280000037 ], [ -3.932392550999964, 5.336788923000029 ], [ -3.932371592999971, 5.336729595000065 ], [ -3.932350912999937, 5.336668005000035 ], [ -3.93232009899998, 5.336618868000073 ], [ -3.932326221999972, 5.336564587000055 ], [ -3.932315424999956, 5.336511462000033 ], [ -3.93228544699997, 5.336455540000031 ], [ -3.932257466999943, 5.336414878000028 ], [ -3.932262747999971, 5.336363425000059 ], [ -3.932267184999944, 5.336313669000049 ], [ -3.932265431999951, 5.336273533000053 ], [ -3.932301492999954, 5.336249170000031 ], [ -3.932326882999973, 5.336255350000044 ], [ -3.93236836799997, 5.336274508000031 ], [ -3.932514540999932, 5.336334777000047 ], [ -3.93260031799997, 5.336364609000043 ], [ -3.932843286999969, 5.336468827000033 ], [ -3.932900323999945, 5.336515098000064 ], [ -3.932932834999974, 5.336568190000037 ], [ -3.932974376999937, 5.336625225000034 ], [ -3.933047519999946, 5.336692389000063 ], [ -3.933092721999969, 5.336745461000021 ], [ -3.933125211999936, 5.336784420000072 ], [ -3.933204859999933, 5.336864011000046 ], [ -3.933275465999941, 5.336932309000076 ], [ -3.933333094999966, 5.336997234000023 ], [ -3.933412754999949, 5.337085305000073 ], [ -3.933475157999965, 5.337137221000035 ], [ -3.933520377999969, 5.337201600000071 ], [ -3.933579115999976, 5.33725465200007 ], [ -3.933638701999939, 5.337308268000072 ], [ -3.933692070999939, 5.337353414000063 ], [ -3.933756981999977, 5.337385539000024 ], [ -3.933810367999968, 5.337441991000048 ], [ -3.933869950999963, 5.337493911000024 ], [ -3.933932333999962, 5.33753282400005 ], [ -3.93399637999994, 5.337551948000055 ], [ -3.934034517999976, 5.33759542100006 ], [ -3.934074060999933, 5.337636064000037 ], [ -3.934140921999926, 5.337651792000031 ], [ -3.934206934999963, 5.337666390000038 ], [ -3.934261146999972, 5.33770983900007 ], [ -3.934319853999966, 5.33774197300005 ], [ -3.934401100999935, 5.337759940000069 ], [ -3.934481500999937, 5.337777344000074 ], [ -3.934561633999976, 5.337804923000022 ], [ -3.934651065999958, 5.337827400000037 ], [ -3.934738795999976, 5.337843096000029 ], [ -3.934821718999956, 5.337850885000023 ], [ -3.93489674999995, 5.337861512000075 ], [ -3.934957118999932, 5.33787329200004 ], [ -3.935025669999959, 5.337887886000033 ], [ -3.935084383999936, 5.337924544000032 ], [ -3.935143962999973, 5.337973637000061 ], [ -3.935194795999962, 5.338020482000047 ], [ -3.935251537999932, 5.338058273000058 ], [ -3.935311071999934, 5.338077404000046 ], [ -3.935378761999971, 5.338082389000022 ], [ -3.935447568999962, 5.338079457000049 ], [ -3.935513263999951, 5.33807031200007 ], [ -3.935598969999944, 5.338053222000042 ], [ -3.93567649299996, 5.338033317000054 ], [ -3.935757701999933, 5.338025844000072 ], [ -3.935846234999929, 5.338013272000069 ], [ -3.935933617999979, 5.337986569000066 ], [ -3.936013940999942, 5.337953092000021 ], [ -3.936095945999966, 5.337913394000054 ], [ -3.93618274499994, 5.337873123000065 ], [ -3.936259409999934, 5.33784530500003 ], [ -3.936337785999967, 5.337829357000032 ], [ -3.936416184999928, 5.337829237000051 ], [ -3.936486714999944, 5.337847220000072 ], [ -3.93656627699994, 5.337869712000042 ], [ -3.936652055999957, 5.337901240000065 ], [ -3.936729660999958, 5.337935042000026 ], [ -3.936810926999954, 5.337965446000055 ], [ -3.936886821999963, 5.337987944000076 ], [ -3.936957065999934, 5.338002535000044 ], [ -3.937027574999945, 5.338006950000022 ], [ -3.937096984999926, 5.338030023000044 ], [ -3.937164714999938, 5.338061013000072 ], [ -3.937222544999941, 5.338072231000069 ], [ -3.937284029999944, 5.338076095000076 ], [ -3.93733707399997, 5.338092974000062 ], [ -3.937382171999957, 5.338077641000041 ], [ -3.937419351999949, 5.338047622000033 ], [ -3.937460759999965, 5.338015901000063 ], [ -3.937507504999928, 5.337970037000048 ], [ -3.937557069999968, 5.337924735000058 ], [ -3.937610304999964, 5.337881689000028 ], [ -3.937660708999942, 5.337831298000026 ], [ -3.937694180999927, 5.337774148000051 ], [ -3.937714669999934, 5.337709104000055 ], [ -3.937736312999959, 5.337662149000039 ], [ -3.937737079999977, 5.33761013700007 ], [ -3.937720929999955, 5.337560413000062 ], [ -3.937722534999978, 5.337502746000041 ], [ -3.937698221999938, 5.33746377600005 ], [ -3.937708043999976, 5.337431537000043 ], [ -3.937683446999927, 5.337390870000036 ], [ -3.937647832999971, 5.337337784000056 ], [ -3.937602059999961, 5.337280190000058 ], [ -3.937549796999974, 5.337220910000042 ], [ -3.937512769999955, 5.337165564000031 ], [ -3.937468400999933, 5.337104010000076 ], [ -3.937423200999945, 5.337052634000031 ], [ -3.937366162999979, 5.337005799000053 ], [ -3.937293053999952, 5.336960684000076 ], [ -3.937217128999976, 5.336918965000052 ], [ -3.937140377999981, 5.336889685000074 ], [ -3.937073504999944, 5.336866043000043 ], [ -3.937031981999951, 5.336822010000049 ], [ -3.93700397899994, 5.336766650000072 ], [ -3.936975172999951, 5.336739558000033 ], [ -3.936955122999962, 5.336721498000031 ], [ -3.93690010499995, 5.33670462200007 ], [ -3.936834114999954, 5.336705288000076 ], [ -3.93677543299998, 5.336690113000031 ], [ -3.936707697999964, 5.336655166000071 ], [ -3.936647333999929, 5.336646213000051 ], [ -3.936594002999925, 5.336625942000069 ], [ -3.936556989999929, 5.336580207000054 ], [ -3.936517993999928, 5.336528821000059 ], [ -3.936472799999933, 5.336481402000061 ], [ -3.936425930999974, 5.336444727000071 ], [ -3.936376238999969, 5.336406925000063 ], [ -3.936315845999957, 5.336378751000041 ], [ -3.936274096999966, 5.33637146500007 ], [ -3.936150468999926, 5.336300421000033 ], [ -3.936015864999945, 5.336244659000045 ], [ -3.935885784999925, 5.336196803000064 ], [ -3.935860669999954, 5.33618666600006 ], [ -3.935824556999933, 5.336175979000075 ], [ -3.935761353999965, 5.336155158000054 ], [ -3.935739622999961, 5.336144450000063 ], [ -3.93570516099993, 5.336107191000053 ], [ -3.935613112999931, 5.336032707000072 ], [ -3.93557977599994, 5.335993750000057 ], [ -3.935557167999946, 5.335962126000027 ], [ -3.935539910999978, 5.335926536000045 ], [ -3.935514462999947, 5.335882479000077 ], [ -3.935486468999954, 5.33583277200006 ], [ -3.935442920999947, 5.335754823000059 ], [ -3.935420290999957, 5.33570906500006 ], [ -3.93539145099993, 5.335659360000022 ], [ -3.935359800999947, 5.335617008000042 ], [ -3.935320808999961, 5.335567884000056 ], [ -3.935278427999947, 5.335515373000021 ], [ -3.935250457999928, 5.335481495000067 ], [ -3.935217965999925, 5.335441406000029 ], [ -3.935066904999928, 5.335319524000056 ], [ -3.934940396999934, 5.335209477000035 ], [ -3.93476949099994, 5.335018089000073 ], [ -3.934739835999949, 5.334989302000054 ], [ -3.934714410999959, 5.334959944000047 ], [ -3.934690957999976, 5.33492945200004 ], [ -3.934666659999948, 5.334899526000072 ], [ -3.93463589199996, 5.334880917000021 ], [ -3.934603426999956, 5.334858353000072 ], [ -3.934579689999964, 5.334826730000032 ], [ -3.934559895999939, 5.334791145000054 ], [ -3.934543489999953, 5.334758946000022 ], [ -3.934522846999926, 5.334721665000075 ], [ -3.934493749999945, 5.334688355000026 ], [ -3.93447029999993, 5.334660124000038 ], [ -3.934436962999939, 5.33462060100004 ], [ -3.934398829999964, 5.334579955000038 ], [ -3.93434007999997, 5.334519554000053 ], [ -3.934311267999931, 5.334488505000024 ], [ -3.934273421999933, 5.334450685000036 ], [ -3.934242640999969, 5.334423596000022 ], [ -3.93420367899995, 5.334393692000049 ], [ -3.934174037999981, 5.334373951000032 ], [ -3.934135083999934, 5.334349701000065 ], [ -3.934090755999932, 5.334315283000024 ], [ -3.93406646699998, 5.334291576000055 ], [ -3.934034826999948, 5.334255442000028 ], [ -3.933981423999967, 5.334187118000045 ], [ -3.933957961999965, 5.334150973000021 ], [ -3.933934508999926, 5.334119915000031 ], [ -3.933899202999953, 5.334083788000044 ], [ -3.933867575999955, 5.334056700000076 ], [ -3.933835958999964, 5.334035265000068 ], [ -3.93379785299993, 5.334012710000025 ], [ -3.933769057999939, 5.333992967000029 ], [ -3.933711168999935, 5.333941609000021 ], [ -3.933677837999937, 5.333906044000059 ], [ -3.933659739999939, 5.333873848000053 ], [ -3.933642472999964, 5.333830909000028 ], [ -3.933635088999949, 5.333797 ], [ -3.933629663999966, 5.333752347000029 ], [ -3.933633276999956, 5.333717291000028 ], [ -3.933643075999953, 5.333670354000049 ], [ -3.93363316999995, 5.333646625000029 ], [ -3.933613376999972, 5.333612170000038 ], [ -3.93358427499993, 5.33357546700006 ], [ -3.933560824999972, 5.333547236000072 ], [ -3.933522969999956, 5.333503763000067 ], [ -3.933485684999937, 5.333464246000062 ], [ -3.933447841999964, 5.333428688000026 ], [ -3.933398980999925, 5.333380144000046 ], [ -3.933357465999961, 5.333340633000034 ], [ -3.933315081999979, 5.333286426000029 ], [ -3.933229376999975, 5.333303516000058 ], [ -3.933206776999953, 5.333278110000037 ], [ -3.933175983999945, 5.333241976000068 ], [ -3.933141509999928, 5.333196801000042 ], [ -3.933103634999952, 5.333139760000051 ], [ -3.933086385999957, 5.333109259000025 ], [ -3.933062083999971, 5.333076506000054 ], [ -3.93303948099998, 5.333048839000071 ], [ -3.93310429099995, 5.33301425600007 ], [ -3.933101432999933, 5.332988820000025 ], [ -3.93308081899994, 5.33297076100007 ], [ -3.93304835999993, 5.332952719000048 ], [ -3.933012251999969, 5.332945425000048 ], [ -3.932966, 5.33294379900002 ], [ -3.932941741999969, 5.33294044400003 ], [ -3.93290478199998, 5.332929758000034 ], [ -3.932837897999946, 5.332898201000035 ], [ -3.932787373999929, 5.332868881000024 ], [ -3.932756600999937, 5.332846314000051 ], [ -3.93272865199998, 5.332826570000066 ], [ -3.932683489999931, 5.332799502000057 ], [ -3.93264368499996, 5.332771861000026 ], [ -3.932593149999946, 5.332735757000023 ], [ -3.932529916999954, 5.332694018000041 ], [ -3.93249095699997, 5.332665810000037 ], [ -3.932453976999966, 5.332641557000045 ], [ -3.932415022999976, 5.332617307000021 ], [ -3.932378042999972, 5.332593054000029 ], [ -3.932330337999929, 5.332563163000032 ], [ -3.932292227999937, 5.332537216000048 ], [ -3.932263417999934, 5.332507862000057 ], [ -3.932243360999962, 5.332484714000032 ], [ -3.932217377999962, 5.332459313000072 ], [ -3.932197329999951, 5.33244294900004 ], [ -3.932167698999933, 5.332429426000033 ], [ -3.932103383999959, 5.332418782000047 ], [ -3.932072922999964, 5.332416002000059 ], [ -3.932002420999936, 5.332416108000075 ], [ -3.931951094999931, 5.332416186000046 ], [ -3.931890471999964, 5.332422497000039 ], [ -3.931848182999943, 5.332431041000063 ], [ -3.931800255999974, 5.332440724000037 ], [ -3.931740780999974, 5.332460035000054 ], [ -3.931704701999934, 5.332471962000056 ], [ -3.931676798999945, 5.33248274500005 ], [ -3.931639874999973, 5.332495238000035 ], [ -3.93160181899998, 5.332505472000037 ], [ -3.931558681999945, 5.332512887000064 ], [ -3.931489858999953, 5.332504511000025 ], [ -3.931443008999963, 5.332480272000055 ], [ -3.93140601999994, 5.332450366000046 ], [ -3.931388772999981, 5.332420995000064 ], [ -3.931369826999969, 5.332386538000037 ], [ -3.931347225999957, 5.33236000200003 ], [ -3.931318137999938, 5.332332910000048 ], [ -3.931289342999946, 5.332312601000069 ], [ -3.931236855999941, 5.332290633000071 ], [ -3.931195379999963, 5.332277128000044 ], [ -3.931154755999955, 5.332267579000074 ], [ -3.931116103999955, 5.332256330000064 ], [ -3.93108082699996, 5.332239424000022 ], [ -3.93103651499996, 5.332215747000021 ], [ -3.930986847999975, 5.332193209000025 ], [ -3.930949878999968, 5.332176305000075 ], [ -3.93090557599993, 5.332158281000034 ], [ -3.930867760999945, 5.332141378000074 ], [ -3.93082428699995, 5.332111481000027 ], [ -3.93077459899996, 5.332075941000028 ], [ -3.930732229999933, 5.332030778000046 ], [ -3.930696920999935, 5.33199238900005 ], [ -3.930640703999927, 5.331928026000071 ], [ -3.93061357199997, 5.331889059000048 ], [ -3.930583053999953, 5.331848401000059 ], [ -3.930561286999932, 5.331813949000036 ], [ -3.930533301999958, 5.331769896000026 ], [ -3.930502498999942, 5.331727542000067 ], [ -3.93047452199994, 5.331688577000023 ], [ -3.93044370299998, 5.331635482000024 ], [ -3.930420237999954, 5.331597075000047 ], [ -3.930394767999928, 5.331537754000067 ], [ -3.930368470999952, 5.331490871000028 ], [ -3.930347822999977, 5.331450198000027 ], [ -3.930318686999954, 5.331391447000044 ], [ -3.930278856999962, 5.331346846000031 ], [ -3.930251753999926, 5.331327101000056 ], [ -3.930222954999977, 5.331304531000058 ], [ -3.930180614999927, 5.331278590000068 ], [ -3.930141661999926, 5.331254905000037 ], [ -3.930110896999963, 5.331237991000023 ], [ -3.930073089999951, 5.33122617600003 ], [ -3.930022593999979, 5.331215511000039 ], [ -3.92998647099995, 5.33119804100005 ], [ -3.929931155999952, 5.331170988000054 ], [ -3.929899550999949, 5.331157468000072 ], [ -3.929862577999927, 5.331137737000063 ], [ -3.929825608999977, 5.331120833000057 ], [ -3.929793150999956, 5.331103357000075 ], [ -3.929763221999963, 5.331079093000028 ], [ -3.929738083999951, 5.331053125000039 ], [ -3.929729858999963, 5.331022045000054 ], [ -3.929726996999932, 5.330994348000047 ], [ -3.929724414999953, 5.330964954000024 ], [ -3.929723244999934, 5.330937255000038 ], [ -3.929726849999952, 5.33089654500003 ], [ -3.929734116999953, 5.330853004000062 ], [ -3.92973858299996, 5.330822469000054 ], [ -3.92974557499997, 5.330783451000059 ], [ -3.929754533999926, 5.330739907000066 ], [ -3.92976631199997, 5.330695793000075 ], [ -3.929778938999959, 5.330653939000058 ], [ -3.929791565999949, 5.330611520000048 ], [ -3.929803904999972, 5.330565144000047 ], [ -3.929821882999931, 5.330518195000025 ], [ -3.929838175999976, 5.330476335000071 ], [ -3.929852504999928, 5.330440133000025 ], [ -3.929870491999964, 5.330399401000022 ], [ -3.929885944999967, 5.330361501000027 ], [ -3.929905626999926, 5.330321898000022 ], [ -3.929922774999966, 5.330285691000029 ], [ -3.929943297999955, 5.330243825000025 ], [ -3.929982099999961, 5.330166881000025 ], [ -3.92999924999998, 5.330131805000065 ], [ -3.930023441999936, 5.330091630000027 ], [ -3.930051312999979, 5.330059364000022 ], [ -3.930078346999949, 5.330033883000056 ], [ -3.930104541999981, 5.330012361000058 ], [ -3.93013241999995, 5.329985183000076 ], [ -3.930163110999956, 5.32995347800005 ], [ -3.930190142999948, 5.329926301000057 ], [ -3.930221659999972, 5.329881027000056 ], [ -3.930245007999929, 5.329841984000041 ], [ -3.930269488999954, 5.32980576500006 ], [ -3.930295656999931, 5.32976671800003 ], [ -3.930322670999942, 5.329727669000022 ], [ -3.930349671999977, 5.329679575000057 ], [ -3.93037667599998, 5.329634308000038 ], [ -3.930402572999981, 5.329602045000058 ], [ -3.930427060999932, 5.329570915000033 ], [ -3.930449586999941, 5.329548267000064 ], [ -3.930469292999931, 5.329525059000048 ], [ -3.930493782999974, 5.329495059000067 ], [ -3.930521661999933, 5.329469012000061 ], [ -3.930550379999943, 5.32943731000006 ], [ -3.930580224999972, 5.329405606000023 ], [ -3.930605262999961, 5.32936486400007 ], [ -3.930626089999976, 5.329337697000028 ], [ -3.930646918999969, 5.329311095000037 ], [ -3.930665771999941, 5.329283365000038 ], [ -3.930689130999951, 5.329251671000065 ], [ -3.930711644999974, 5.329220544000066 ], [ -3.930731345999959, 5.329194509000047 ], [ -3.930749347999949, 5.32916338800004 ], [ -3.930769314999964, 5.329126612000039 ], [ -3.930783649999967, 5.329094931000043 ], [ -3.930791764999981, 5.329053085000055 ], [ -3.930804393999949, 5.329011796000032 ], [ -3.930824922999932, 5.328973323000071 ], [ -3.930843779999975, 5.328948985000068 ], [ -3.930869121999933, 5.32892294100003 ], [ -3.930895308999936, 5.328896331000067 ], [ -3.930924871999935, 5.328864628000076 ], [ -3.930953017999968, 5.328827839000041 ], [ -3.930991562999964, 5.328767855000024 ], [ -3.93101491699997, 5.328732769000055 ], [ -3.931035734999966, 5.328699383000071 ], [ -3.931059079999955, 5.328658644000029 ], [ -3.931081579999955, 5.328617906000034 ], [ -3.93109954099998, 5.328559650000045 ], [ -3.931108519999952, 5.328529674000038 ], [ -3.931122014999971, 5.328502517000061 ], [ -3.931140021999965, 5.32847478900004 ], [ -3.931160005999971, 5.328449319000072 ], [ -3.931180531999928, 5.328408584000044 ], [ -3.931190353999966, 5.328376910000031 ], [ -3.931193115999974, 5.328337898000029 ], [ -3.93118035699996, 5.328292691000058 ], [ -3.931165083999929, 5.328262751000068 ], [ -3.931145010999956, 5.328229427000053 ], [ -3.931132534999961, 5.328184220000026 ], [ -3.931144017999941, 5.328131626000072 ], [ -3.931163994999963, 5.328101068000024 ], [ -3.931187336999926, 5.328058633000069 ], [ -3.931212374999973, 5.328017891000059 ], [ -3.931233192999969, 5.327984505000074 ], [ -3.931245829999966, 5.327948870000057 ], [ -3.931253946999959, 5.327908154000056 ], [ -3.931259243999932, 5.32786744200007 ], [ -3.931264533999979, 5.327822208000043 ], [ -3.931265296999925, 5.327767369000071 ], [ -3.931266093999966, 5.327734579000037 ], [ -3.931269698999927, 5.327693869000029 ], [ -3.931283178999934, 5.327656537000053 ], [ -3.931294124999965, 5.327621470000054 ], [ -3.931300273999966, 5.327585279000061 ], [ -3.931303889999981, 5.32755191900003 ], [ -3.931309194999926, 5.327516295000066 ], [ -3.931310847999953, 5.327490288000035 ], [ -3.931310775999975, 5.327442235000035 ], [ -3.93131352499995, 5.327395308000064 ], [ -3.931315082999959, 5.327306548000024 ], [ -3.931317818999958, 5.32725057600004 ], [ -3.931318612999974, 5.327216090000036 ], [ -3.931331219999947, 5.32716010300004 ], [ -3.931340193999972, 5.327127300000029 ], [ -3.931352788999959, 5.327063399000053 ], [ -3.931358949999947, 5.32703512300003 ], [ -3.931368757999962, 5.326993839000068 ], [ -3.93137519499993, 5.326961040000072 ], [ -3.931383316999927, 5.326923150000027 ], [ -3.931387792999942, 5.326899399000069 ], [ -3.931393935999949, 5.326858686000037 ], [ -3.931397552999954, 5.326826457000038 ], [ -3.931404545999953, 5.326788004000036 ], [ -3.931405613999971, 5.326748429000077 ], [ -3.931408880999925, 5.326670408000041 ], [ -3.931410799999981, 5.326633659000038 ], [ -3.931413273999965, 5.326591255000039 ], [ -3.931425905999959, 5.326552228000025 ], [ -3.931442216999926, 5.326522241000021 ], [ -3.931450348999931, 5.326491701000066 ], [ -3.931454809999934, 5.326457774000062 ], [ -3.931455553999967, 5.32638993300003 ], [ -3.931463681999958, 5.326356566000072 ], [ -3.931477166999969, 5.326322060000052 ], [ -3.931505004999963, 5.326268877000075 ], [ -3.931549186999973, 5.326206624000065 ], [ -3.931575079999959, 5.326172665000058 ], [ -3.931597597999939, 5.326143799000022 ], [ -3.93162377699997, 5.326112101000035 ], [ -3.931651639999927, 5.326075312000057 ], [ -3.931685977999962, 5.326030599000035 ], [ -3.931721166999978, 5.32598984200007 ], [ -3.931753549999939, 5.325958134000075 ], [ -3.931791277999935, 5.325917373000038 ], [ -3.931827317999932, 5.325879441000041 ], [ -3.931853512999965, 5.325858484000037 ], [ -3.931887023999934, 5.325826775000053 ], [ -3.93191404099997, 5.325789988000054 ], [ -3.931939072999967, 5.325745289000054 ], [ -3.931957904999933, 5.325703991000069 ], [ -3.931974200999946, 5.325663828000074 ], [ -3.932002034999925, 5.325607818000037 ], [ -3.932017506999955, 5.325581789000069 ], [ -3.932050717999971, 5.325538208000069 ], [ -3.932085902999972, 5.325494625000033 ], [ -3.932115474999932, 5.325468575000059 ], [ -3.932156029999931, 5.325432897000042 ], [ -3.93218419599998, 5.325409676000049 ], [ -3.932222790999958, 5.325383047000059 ], [ -3.932288740999979, 5.325356942000042 ], [ -3.932326518999957, 5.325349536000033 ], [ -3.932375268999976, 5.325325153000051 ], [ -3.932410496999978, 5.325309835000041 ], [ -3.932447421999939, 5.325297908000039 ], [ -3.932483500999979, 5.325285981000036 ], [ -3.932529452999972, 5.325275736000037 ], [ -3.932608957999946, 5.325262047000024 ], [ -3.932652092999945, 5.32525406700006 ], [ -3.932695509999974, 5.325246087000039 ], [ -3.932730750999951, 5.325239250000038 ], [ -3.932773889999964, 5.325234096000031 ], [ -3.932808295999962, 5.325234610000052 ], [ -3.932846094999945, 5.325241336000033 ], [ -3.932894036999926, 5.325241829000049 ], [ -3.932967890999976, 5.325220800000068 ], [ -3.933002261999945, 5.325198135000051 ], [ -3.933034645999953, 5.325167558000032 ], [ -3.933060834999935, 5.325142078000056 ], [ -3.93309688599993, 5.325112061000027 ], [ -3.93313577899994, 5.32509617300002 ], [ -3.933173556999975, 5.325088766000022 ], [ -3.933210488999975, 5.325081361000059 ], [ -3.933240369999965, 5.325073967000037 ], [ -3.933649902999946, 5.32492579500007 ], [ -3.933656046999943, 5.324886212000024 ], [ -3.933697464999966, 5.32486184000004 ], [ -3.933770484999968, 5.324848727000074 ], [ -3.933798673999945, 5.324840770000037 ], [ -3.933836436999968, 5.324823753000032 ], [ -3.933858976999943, 5.324810150000076 ], [ -3.933894183999939, 5.324780700000076 ], [ -3.933916711999927, 5.324759183000026 ], [ -3.933929365999973, 5.324734855000031 ], [ -3.933947358999944, 5.324698646000058 ], [ -3.933964249999974, 5.324678834000053 ], [ -3.933994957999971, 5.32465843500006 ], [ -3.934026525999968, 5.324647646000074 ], [ -3.93404822499997, 5.324636872000042 ], [ -3.934083421999958, 5.324601768000036 ], [ -3.934151044999965, 5.324562658000048 ], [ -3.934182601999964, 5.324544519000028 ], [ -3.934220360999973, 5.324524676000067 ], [ -3.934258400999965, 5.324504266000076 ], [ -3.934288822999974, 5.32448104100007 ], [ -3.934319521999953, 5.324454424000066 ], [ -3.934372765999967, 5.324418162000029 ], [ -3.934413340999924, 5.32439548800005 ], [ -3.934480980999979, 5.324368249000031 ], [ -3.934519871999953, 5.324351230000048 ], [ -3.934562140999958, 5.32432968300003 ], [ -3.934646103999967, 5.324280372000032 ], [ -3.934671995999963, 5.324245283000039 ], [ -3.934697322999966, 5.324209628000062 ], [ -3.934725190999927, 5.324176231000024 ], [ -3.934757558999934, 5.324134913000023 ], [ -3.934802619999971, 5.324094706000039 ], [ -3.934845165999945, 5.324070332000076 ], [ -3.93488038199996, 5.32404766600007 ], [ -3.934888237999928, 5.324020518000054 ], [ -3.934881148999978, 5.32399508900005 ], [ -3.934854851999944, 5.323948206000068 ], [ -3.934850296999969, 5.323919947000036 ], [ -3.934858435999956, 5.323893929000064 ], [ -3.93488096599998, 5.323874108000041 ], [ -3.934911671999942, 5.323852014000067 ], [ -3.934946611999976, 5.323833305000051 ], [ -3.934975635999933, 5.323817997000049 ], [ -3.935030578999942, 5.323786255000073 ], [ -3.935053119999964, 5.323773218000042 ], [ -3.935079309999935, 5.323748869000042 ], [ -3.935110029999976, 5.323736951000058 ], [ -3.935146961999976, 5.323729545000049 ], [ -3.935200251999959, 5.323723246000043 ], [ -3.935234373999947, 5.323723194000024 ], [ -3.935262292999937, 5.323723152000071 ], [ -3.935302898999964, 5.323721394000074 ], [ -3.935350830999937, 5.32371510300004 ], [ -3.935410320999949, 5.323706532000074 ], [ -3.935456271999954, 5.323695721000036 ], [ -3.935513224999966, 5.323687720000066 ], [ -3.93554649899994, 5.323685974000057 ], [ -3.935587100999953, 5.323681390000047 ], [ -3.93563136299997, 5.323672842000065 ], [ -3.935690005999959, 5.323663708000026 ], [ -3.935726091999925, 5.323656304000053 ], [ -3.935760481999978, 5.323646641000039 ], [ -3.935792891999938, 5.32363302400006 ], [ -3.935837143999947, 5.323617693000074 ], [ -3.935877736999942, 5.323607455000058 ], [ -3.935933561999946, 5.323599456000068 ], [ -3.935976982999932, 5.323593737000067 ], [ -3.936027451999962, 5.323587441000029 ], [ -3.936081583999965, 5.323578879000024 ], [ -3.936109494999926, 5.323573749000047 ], [ -3.936157421999951, 5.323564631000067 ], [ -3.936212403999946, 5.323558329000036 ], [ -3.936245673999963, 5.323553755000034 ], [ -3.936317841999937, 5.323537251000062 ], [ -3.936353916999963, 5.323522498000045 ], [ -3.936397324999973, 5.323508864000075 ], [ -3.936435095999968, 5.323496935000037 ], [ -3.936471181999934, 5.323490096000057 ], [ -3.936532645999932, 5.323480957000072 ], [ -3.936598617999948, 5.323469550000027 ], [ -3.936635550999938, 5.323463276000041 ], [ -3.936666281999976, 5.32345814100006 ], [ -3.936694194999973, 5.32345414100007 ], [ -3.936733950999951, 5.32344955800005 ], [ -3.936788924999973, 5.323438733000046 ], [ -3.93682668699995, 5.323420585000065 ], [ -3.936855713999933, 5.323408104000066 ], [ -3.936908713999969, 5.323396717000037 ], [ -3.936956661999943, 5.323401167000043 ], [ -3.937028870999939, 5.323411233000058 ], [ -3.937059593999948, 5.323401010000055 ], [ -3.937083838999968, 5.323395885000025 ], [ -3.937117407999949, 5.323403184000028 ], [ -3.937165089999951, 5.323418375000074 ], [ -3.937205716999927, 5.323430185000063 ], [ -3.937263541999926, 5.32343914300003 ], [ -3.937303314999951, 5.323445866000043 ], [ -3.937380007999934, 5.32343783500005 ], [ -3.937423136999939, 5.32342589700005 ], [ -3.937471044999938, 5.32340434200006 ], [ -3.937497241999949, 5.323384515000043 ] ] ] ] } },
{ "type": "Feature", "properties": { "id": 12.0, "objectid": 13.0, "area": 537314.927, "commune": "COCODY", "nom_quar": "VAL-DOYEN", "shape_leng": 0.0267153857371, "shape_area": 4.3858372477000001e-05, "commune_id": 4.0 }, "geometry": { "type": "MultiPolygon", "coordinates": [ [ [ [ -3.996451865999973, 5.335196580000058 ], [ -3.997130640999956, 5.329416768000044 ], [ -4.001006707999977, 5.329896090000034 ], [ -4.004643870999928, 5.330345814000054 ], [ -4.003964228999962, 5.336067960000037 ], [ -4.000142912999934, 5.335637758000075 ], [ -3.996487116999958, 5.335196523000036 ], [ -3.996451865999973, 5.335196580000058 ] ] ] ] } },
{ "type": "Feature", "properties": { "id": 17.0, "objectid": 18.0, "area": 2265565.537, "commune": "COCODY", "nom_quar": "AMBASSADES", "shape_leng": 0.094395799479399994, "shape_area": 0.00018492635521699999, "commune_id": 4.0 }, "geometry": { "type": "MultiPolygon", "coordinates": [ [ [ [ -3.984416560999932, 5.337611232000029 ], [ -3.984086938999951, 5.337286134000067 ], [ -3.983931021999979, 5.337130354000067 ], [ -3.983765454999968, 5.336935582000024 ], [ -3.983667897999965, 5.336769533000052 ], [ -3.983589816999938, 5.336614194000049 ], [ -3.983550635999961, 5.33644861700003 ], [ -3.983521138999947, 5.336166003000073 ], [ -3.983520130999977, 5.335532277000027 ], [ -3.983533491999935, 5.335068125000021 ], [ -3.983563214999947, 5.334606774000065 ], [ -3.985033023999961, 5.333714604000022 ], [ -3.986346879999928, 5.334237119000022 ], [ -3.986305214999959, 5.334282411000061 ], [ -3.986240450999958, 5.334343570000044 ], [ -3.986184406999939, 5.334390582000026 ], [ -3.986118752999971, 5.334424041000034 ], [ -3.986085225999943, 5.334443881000027 ], [ -3.986020391999944, 5.33446151000004 ], [ -3.985940884999934, 5.334472944000026 ], [ -3.985870707999936, 5.334500192000064 ], [ -3.985816660999944, 5.334561333000067 ], [ -3.98577697099995, 5.334607188000064 ], [ -3.985777931999962, 5.334679548000054 ], [ -3.985817778999944, 5.334732059000032 ], [ -3.985848641999951, 5.334810024000035 ], [ -3.985882803999971, 5.334834278000073 ], [ -3.985936022999965, 5.334784444000036 ], [ -3.985969642999976, 5.33482226700005 ], [ -3.985978817999978, 5.334917227000062 ], [ -3.985989672999949, 5.335004269000024 ], [ -3.986008671999969, 5.33506925100005 ], [ -3.986078396999972, 5.335112669000068 ], [ -3.98615147299995, 5.335135730000047 ], [ -3.986235267999973, 5.335159904000022 ], [ -3.986305795999954, 5.335176186000069 ], [ -3.986383380999939, 5.335196978000056 ], [ -3.986469980999971, 5.33521210300006 ], [ -3.986554879999971, 5.335221012000034 ], [ -3.986632435999979, 5.335223714000051 ], [ -3.986706604999938, 5.335224726000035 ], [ -3.986780481999972, 5.335218954000027 ], [ -3.98686448899997, 5.33519959900002 ], [ -3.986932131999936, 5.335175181000068 ], [ -3.986985446999938, 5.335185271000057 ], [ -3.987040503999935, 5.335226452000029 ], [ -3.987098329999981, 5.335235404000059 ], [ -3.987168531999941, 5.335223985000027 ], [ -3.987235331999955, 5.335201830000074 ], [ -3.987312005999968, 5.335181921000071 ], [ -3.987383311999963, 5.335155802000031 ], [ -3.987435472999948, 5.335148934000074 ], [ -3.987494118999962, 5.335142056000052 ], [ -3.98754119299997, 5.335128978000057 ], [ -3.987570790999939, 5.335121016000073 ], [ -3.987615048999942, 5.335110204000046 ], [ -3.987716964999947, 5.335003194000024 ], [ -3.98774928499995, 5.334934173000022 ], [ -3.987824244999956, 5.334900698000069 ], [ -3.987907130999929, 5.334885302000032 ], [ -3.987956674999964, 5.334829820000039 ], [ -3.987969226999951, 5.334743306000064 ], [ -3.988015924999956, 5.334670870000025 ], [ -3.988016650999953, 5.334595681000053 ], [ -3.988016542999958, 5.33452840700005 ], [ -3.988017602999946, 5.33448600600002 ], [ -3.987970471999972, 5.33446346900007 ], [ -3.98796779099996, 5.334374153000056 ], [ -3.987957506999976, 5.334291632000031 ], [ -3.987936782999952, 5.334205171000065 ], [ -3.987938324999959, 5.334111890000031 ], [ -3.987941841999941, 5.334018606000029 ], [ -3.987941724999928, 5.333945115000063 ], [ -3.987892883999962, 5.333911274000059 ], [ -3.987819808999973, 5.333889343000067 ], [ -3.987753797999972, 5.333875882000029 ], [ -3.987686094999958, 5.333862423000028 ], [ -3.987648262999926, 5.333835348000036 ], [ -3.987676096999962, 5.333782728000074 ], [ -3.987725662999935, 5.333740249000073 ], [ -3.987796113999934, 5.333708478000062 ], [ -3.987866308999969, 5.333693102000041 ], [ -3.987933111999951, 5.33367320800005 ], [ -3.987969143999976, 5.33363244700007 ], [ -3.987934939999946, 5.333581623000043 ], [ -3.987919384999941, 5.333553947000041 ], [ -3.987959092999972, 5.333519399000068 ], [ -3.987986975999945, 5.333497307000073 ], [ -3.988037494999958, 5.333522100000039 ], [ -3.988106377999941, 5.333567780000067 ], [ -3.988189402999978, 5.333640008000032 ], [ -3.98827242599998, 5.333710540000027 ], [ -3.988347530999931, 5.333768082000063 ], [ -3.988422645999947, 5.333831278000048 ], [ -3.988498321999941, 5.333892776000027 ], [ -3.988553668999941, 5.333939044000033 ], [ -3.988622263999957, 5.333981333000054 ], [ -3.988677262999943, 5.333985767000058 ], [ -3.98871416399993, 5.333959703000062 ], [ -3.988693502999979, 5.33391338000007 ], [ -3.988653665999948, 5.333866522000051 ], [ -3.988609398999927, 5.333871681000062 ], [ -3.988565917999949, 5.333839527000066 ], [ -3.988529744999937, 5.333791533000067 ], [ -3.988472184999978, 5.333772405000047 ], [ -3.988411527999972, 5.333756673000039 ], [ -3.988370885999927, 5.333735821000062 ], [ -3.988306790999957, 5.333686176000072 ], [ -3.988034779999964, 5.333411301000069 ], [ -3.987996623999948, 5.333358222000072 ], [ -3.987982169999952, 5.333313019000059 ], [ -3.988014561999933, 5.333289224000055 ], [ -3.988085034999926, 5.333271020000041 ], [ -3.988160835999963, 5.333234718000028 ], [ -3.988219428999969, 5.333193920000042 ], [ -3.988282541999979, 5.333158769000022 ], [ -3.988339186999951, 5.333134934000043 ], [ -3.988405124999929, 5.333103171000062 ], [ -3.988453014999948, 5.333070870000029 ], [ -3.988502589999939, 5.333034610000027 ], [ -3.988544825999952, 5.332993839000039 ], [ -3.988585333999936, 5.332931023000071 ], [ -3.988620503999925, 5.332880653000075 ], [ -3.988660180999943, 5.332826883000052 ], [ -3.988734015999967, 5.332795107000038 ], [ -3.988795467999978, 5.332779179000056 ], [ -3.988870151999947, 5.332749662000026 ], [ -3.988938649999966, 5.332731462000027 ], [ -3.988991926999972, 5.332717808000041 ], [ -3.989035337999951, 5.332706432000066 ], [ -3.989032394999981, 5.332629553000061 ], [ -3.988990841999964, 5.332568 ], [ -3.988958276999938, 5.332483819000061 ], [ -3.988939278999965, 5.332419403000074 ], [ -3.988920005999944, 5.332358944000021 ], [ -3.988950683999974, 5.332321018000073 ], [ -3.988948931999971, 5.33228371000007 ], [ -3.98888939699998, 5.332263454000042 ], [ -3.988849591999951, 5.332236948000059 ], [ -3.988829428999964, 5.33214935500007 ], [ -3.988807854999948, 5.332060634000072 ], [ -3.988793040999951, 5.331967380000037 ], [ -3.988796571999956, 5.331882576000055 ], [ -3.988806333999946, 5.331814721000057 ], [ -3.988826237999945, 5.331741198000032 ], [ -3.988864774999968, 5.331680081000059 ], [ -3.988901884999962, 5.331608225000025 ], [ -3.988928824999959, 5.331525080000063 ], [ -3.988943054999936, 5.331430082000054 ], [ -3.988955569999973, 5.33132039000003 ], [ -3.988965280999935, 5.331220877000021 ], [ -3.988964287999977, 5.331128732000025 ], [ -3.988953983999977, 5.331033774000048 ], [ -3.988934989999962, 5.330971619000024 ], [ -3.988896273999956, 5.330920802000037 ], [ -3.988893366999946, 5.33086653600003 ], [ -3.988922036999952, 5.330807131000029 ], [ -3.98890051099994, 5.330748937000067 ], [ -3.98886321699996, 5.33070546700003 ], [ -3.988828148999971, 5.330643338000073 ], [ -3.988794476999942, 5.330572162000067 ], [ -3.988722324999969, 5.330598282000039 ], [ -3.988677140999926, 5.330558782000026 ], [ -3.988656456999934, 5.330497761000061 ], [ -3.988658900999951, 5.330438398000069 ], [ -3.988675184999977, 5.330393146000063 ], [ -3.988710388999948, 5.330364258000031 ], [ -3.988760751999962, 5.330291816000056 ], [ -3.988790234999954, 5.330212058000029 ], [ -3.988834304999955, 5.330083659000024 ], [ -3.988873903999945, 5.329981837000048 ], [ -3.98890619499997, 5.329894161000027 ], [ -3.988948665999942, 5.329824558000041 ], [ -3.989015110999958, 5.32975661200004 ], [ -3.989079303999972, 5.329692062000049 ], [ -3.989137892999963, 5.329649004000032 ], [ -3.989210000999947, 5.329596313000025 ], [ -3.989266626999949, 5.329560607000076 ], [ -3.98930635399995, 5.329537930000072 ], [ -3.989341571999944, 5.329518087000054 ], [ -3.989387508999926, 5.329499358000021 ], [ -3.989458826999964, 5.329481153000074 ], [ -3.989512097999977, 5.329463542000042 ], [ -3.989563394999948, 5.329446500000074 ], [ -3.989591296999947, 5.329436279000049 ], [ -3.989658090999967, 5.329410733000032 ], [ -3.989692446999925, 5.32938015000002 ], [ -3.98973635699997, 5.329328635000024 ], [ -3.989753501999928, 5.329292427000041 ], [ -3.989783343999932, 5.329261286000076 ], [ -3.989816562999977, 5.329225052000027 ], [ -3.989829186999941, 5.32918376300006 ], [ -3.989843527999938, 5.329158301000064 ], [ -3.989886947999935, 5.329152578000048 ], [ -3.989921048999975, 5.329138955000076 ], [ -3.989941037999927, 5.329118571000038 ], [ -3.989963531999933, 5.329076701000076 ], [ -3.989978686999962, 5.329031451000048 ], [ -3.990006542999936, 5.328992399000072 ], [ -3.990058975999943, 5.328979878000041 ], [ -3.990109444999973, 5.328974143000039 ], [ -3.990143786999965, 5.328934516000061 ], [ -3.990174464999939, 5.32889715500005 ], [ -3.990218416999937, 5.328871645000049 ], [ -3.990251070999932, 5.328834846000063 ], [ -3.99028145699998, 5.328791268000032 ], [ -3.990316637999967, 5.328747681000038 ], [ -3.990356334999944, 5.328706914000065 ], [ -3.990363589999959, 5.328658285000074 ], [ -3.990378737999947, 5.328608512000073 ], [ -3.990408550999973, 5.328558716000032 ], [ -3.990456996999967, 5.328522457000076 ], [ -3.99051106099995, 5.328471492000062 ], [ -3.990561742999944, 5.328422792000026 ], [ -3.990605660999961, 5.32837580000006 ], [ -3.990649863999977, 5.328331068000068 ], [ -3.990672367999935, 5.328295982000043 ], [ -3.990702179999971, 5.328246186000058 ], [ -3.990706632999945, 5.328208867000058 ], [ -3.990729146999968, 5.32818 ], [ -3.990735289999975, 5.328142113000069 ], [ -3.99072816599994, 5.328095768000026 ], [ -3.990767580999943, 5.328055002000042 ], [ -3.990791244999969, 5.328039700000033 ], [ -3.990816303999964, 5.328015351000033 ], [ -3.990833447999933, 5.32797914300005 ], [ -3.99084522499993, 5.327936725000029 ], [ -3.990847683999959, 5.327887538000027 ], [ -3.990846753999961, 5.327834964000033 ], [ -3.990837646999978, 5.327783534000048 ], [ -3.990822334999962, 5.327730984000027 ], [ -3.990797734999944, 5.327689755000051 ], [ -3.990788633999955, 5.327641717000063 ], [ -3.99079758299996, 5.327594781000073 ], [ -3.990800327999978, 5.327548420000028 ], [ -3.990792918999944, 5.327499815000067 ], [ -3.99081287599995, 5.327459645000033 ], [ -3.990837076999981, 5.327427382000053 ], [ -3.990853372999936, 5.327389480000022 ], [ -3.990866839999967, 5.32734649300005 ], [ -3.99087127599995, 5.32729899900005 ], [ -3.990868371999966, 5.32724642900007 ], [ -3.990851092999947, 5.327198404000058 ], [ -3.990832109999928, 5.327143033000027 ], [ -3.990816803999962, 5.327094440000053 ], [ -3.99081756299995, 5.327040168000053 ], [ -3.990831807999939, 5.326954216000047 ], [ -3.99085432399994, 5.326927044000058 ], [ -3.990892063999979, 5.326896456000043 ], [ -3.990939115999936, 5.326869811000051 ], [ -3.990990393999937, 5.326840897000068 ], [ -3.991042805999939, 5.326815373000045 ], [ -3.991094941999961, 5.326793807000058 ], [ -3.991157211999962, 5.326760918000048 ], [ -3.991209611999977, 5.326728610000032 ], [ -3.991263705999927, 5.326696865000031 ], [ -3.991310455999951, 5.32665778300003 ], [ -3.99135748599997, 5.326617569000064 ], [ -3.991416105999974, 5.326594862000036 ], [ -3.991475561999948, 5.326565935000076 ], [ -3.991553069999952, 5.326538675000052 ], [ -3.99163256099996, 5.326517630000069 ], [ -3.991712636999978, 5.326509586000043 ], [ -3.991793836999932, 5.326499280000064 ], [ -3.991874196999959, 5.326492932000065 ], [ -3.991918459999965, 5.326485512000033 ], [ -3.991956247999951, 5.326485451000053 ], [ -3.992044792999934, 5.326483047000067 ], [ -3.992140382999935, 5.326477240000031 ], [ -3.992226949999974, 5.32647257800005 ], [ -3.992287574999978, 5.326469088000067 ], [ -3.992344226999933, 5.326449776000061 ], [ -3.992378566999946, 5.326410148000036 ], [ -3.992406430999949, 5.326376184000026 ], [ -3.992451535999976, 5.326366501000052 ], [ -3.992500341999971, 5.326378859000044 ], [ -3.992525699999931, 5.326364685000044 ], [ -3.992543689999934, 5.326328476000072 ], [ -3.992578615999946, 5.32630184900006 ], [ -3.992622009999934, 5.326280863000022 ], [ -3.99267697199997, 5.326262684000028 ], [ -3.992733922999946, 5.326254677000065 ], [ -3.992797078999956, 5.326246661000027 ], [ -3.992851179999946, 5.326219439000056 ], [ -3.992893418999927, 5.326180929000031 ], [ -3.992958537999925, 5.326166691000026 ], [ -3.993024244999958, 5.326166585000067 ], [ -3.993100953999942, 5.326169288000074 ], [ -3.993169472999966, 5.326164655000071 ], [ -3.993242778999956, 5.326155491000065 ], [ -3.993315787999961, 5.326137283000037 ], [ -3.993381472999943, 5.326123610000025 ], [ -3.993452805999937, 5.326115015000028 ], [ -3.993515101999947, 5.326098520000073 ], [ -3.993570900999941, 5.326075252000066 ], [ -3.993614280999964, 5.326045220000026 ], [ -3.993648651999933, 5.326024248000067 ], [ -3.993667500999948, 5.325996517000021 ], [ -3.993694486999971, 5.325942767000072 ], [ -3.993724050999958, 5.325913888000059 ], [ -3.993753909999953, 5.325892923000026 ], [ -3.993794468999965, 5.325862331000053 ], [ -3.993832210999926, 5.325833438000075 ], [ -3.993859212999951, 5.325789865000047 ], [ -3.993887384999937, 5.325772295000036 ], [ -3.993944107999937, 5.325797643000044 ], [ -3.99401095199994, 5.325803188000066 ], [ -3.994080291999978, 5.325783290000061 ], [ -3.994149060999973, 5.325758305000022 ], [ -3.994215572999963, 5.325733323000065 ], [ -3.994286040999953, 5.325712858000031 ], [ -3.994359044999953, 5.325691258000063 ], [ -3.994425837999927, 5.325665711000056 ], [ -3.994491786999959, 5.325641295000025 ], [ -3.994553783999947, 5.325614060000021 ], [ -3.994612398999948, 5.325587961000053 ], [ -3.994668472999933, 5.325560735000067 ], [ -3.99471721599997, 5.325533520000022 ], [ -3.994764855999961, 5.325522137000064 ], [ -3.994809936999957, 5.325497756000061 ], [ -3.994858649999969, 5.325451886000053 ], [ -3.99489641699995, 5.325438822000024 ], [ -3.994936154999948, 5.325423495000052 ], [ -3.994978685999968, 5.325391768000031 ], [ -3.995023750999962, 5.325357211000039 ], [ -3.995051602999979, 5.325315897000053 ], [ -3.99507493599998, 5.325270634000049 ], [ -3.995083873999931, 5.325216914000066 ], [ -3.995114543999932, 5.325174465000032 ], [ -3.995155087999933, 5.325134827000056 ], [ -3.995199299999967, 5.32509574900007 ], [ -3.995248886999946, 5.325067402000059 ], [ -3.995294832999946, 5.325054891000036 ], [ -3.995348922999938, 5.325021450000065 ], [ -3.995395694999957, 5.324995935000061 ], [ -3.99545259599995, 5.324956836000069 ], [ -3.995505852999941, 5.324931310000068 ], [ -3.995556293999925, 5.324908051000023 ], [ -3.995614928999942, 5.324894388000075 ], [ -3.995666228999937, 5.324879607000071 ], [ -3.995726834999971, 5.324864245000072 ], [ -3.995784336999975, 5.324847758000033 ], [ -3.995838434999939, 5.324819405000028 ], [ -3.995884633999935, 5.324788803000047 ], [ -3.995935113999963, 5.324789852000038 ], [ -3.995982743999946, 5.324772250000024 ], [ -3.996032324999931, 5.324739946000022 ], [ -3.996090093999953, 5.324714414000027 ], [ -3.996129798999959, 5.324678734000031 ], [ -3.996153146999973, 5.32464251600004 ], [ -3.996203580999975, 5.324615299000072 ], [ -3.996254288999978, 5.324582994000025 ], [ -3.996295677999967, 5.324542224000027 ], [ -3.996336215999975, 5.324498628000072 ], [ -3.996373933999962, 5.324455038000053 ], [ -3.996422646999974, 5.324409733000039 ], [ -3.996472212999947, 5.324368385000071 ], [ -3.99652262099994, 5.324324773000058 ], [ -3.996575861999929, 5.324289072000056 ], [ -3.99662995999995, 5.324260153000068 ], [ -3.996693079999943, 5.324230089000025 ], [ -3.996743524999943, 5.32420965600005 ], [ -3.996804665999946, 5.324176768000029 ], [ -3.997676620999925, 5.325581311000064 ], [ -4.000141470999949, 5.324629838000021 ], [ -4.000404935999939, 5.324502214000063 ], [ -4.000794915999961, 5.32431050200006 ], [ -4.001228615999935, 5.324125503000062 ], [ -4.001421105999952, 5.324053395000021 ], [ -4.00160260399997, 5.323985262000065 ], [ -4.001675040999942, 5.32396196600007 ], [ -4.00186382399994, 5.324039108000022 ], [ -4.001884159999975, 5.324058861000026 ], [ -4.002322204999928, 5.324119204000056 ], [ -4.002833301999942, 5.32418847200006 ], [ -4.003088615999957, 5.324251938000032 ], [ -4.003397327999949, 5.324377502000061 ], [ -4.003854814999954, 5.324573519000069 ], [ -4.003988812999978, 5.324630932000048 ], [ -4.004427011999951, 5.32478624700002 ], [ -4.00504770799995, 5.324967833000073 ], [ -4.005351882999946, 5.32507700900004 ], [ -4.005558766999968, 5.325186344000031 ], [ -4.005765551999957, 5.325234624000075 ], [ -4.006033051999964, 5.325161261000062 ], [ -4.006172514999946, 5.324909466000065 ], [ -4.006228129999954, 5.324947252000072 ], [ -4.006277044999933, 5.325026316000049 ], [ -4.006295127999977, 5.325047769000037 ], [ -4.006329298999958, 5.325077675000045 ], [ -4.006367416999979, 5.325107575000061 ], [ -4.006401608999965, 5.325150483000073 ], [ -4.006428765999942, 5.325202448000027 ], [ -4.006460422999965, 5.325247622000063 ], [ -4.006485055999974, 5.325308071000052 ], [ -4.006507708999948, 5.325365697000052 ], [ -4.006535724999935, 5.325425575000054 ], [ -4.006567396999969, 5.325479794000046 ], [ -4.006599071999972, 5.325535709000064 ], [ -4.006629910999948, 5.325597844000072 ], [ -4.006670620999955, 5.325660528000071 ], [ -4.006703978999951, 5.325710787000048 ], [ -4.006734828999925, 5.325779705000059 ], [ -4.006761170999937, 5.325850892000062 ], [ -4.006802739999955, 5.325921489000052 ], [ -4.006848804999947, 5.32598190300007 ], [ -4.006883315999971, 5.326047989000074 ], [ -4.006928530999971, 5.326106143000061 ], [ -4.006977413999948, 5.326165422000031 ], [ -4.007033322999973, 5.326210556000035 ], [ -4.007089247999943, 5.326264735000052 ], [ -4.007147142999941, 5.326317216000064 ], [ -4.007196866999948, 5.326373101000058 ], [ -4.007251931999974, 5.326419367000028 ], [ -4.00730896999994, 5.326464499000053 ], [ -4.007362360999934, 5.326521509000031 ], [ -4.007417422999936, 5.326565514000038 ], [ -4.007448263999947, 5.326628780000021 ], [ -4.007482486999947, 5.326690909000035 ], [ -4.007530507999945, 5.326740578000056 ], [ -4.007579378999935, 5.32679250800004 ], [ -4.007645156999956, 5.326836495000066 ], [ -4.007721921999973, 5.326873681000052 ], [ -4.00780601799994, 5.326910289000068 ], [ -4.007890115999942, 5.326948028000061 ], [ -4.007977598999958, 5.326986326000053 ], [ -4.008063379999953, 5.327018409000061 ], [ -4.008157336999943, 5.32704934800006 ], [ -4.008254671999964, 5.327076889000068 ], [ -4.008353977999946, 5.327102166000032 ], [ -4.008451574999981, 5.327117270000031 ], [ -4.008565249999947, 5.327134609000041 ], [ -4.008677223999939, 5.327146862000063 ], [ -4.008753101999957, 5.327158610000026 ], [ -4.00882078799998, 5.32716189100006 ], [ -4.008881122999981, 5.327153878000047 ], [ -4.00894429799996, 5.32715829700004 ], [ -4.008998424999959, 5.327147467000032 ], [ -4.009054565999975, 5.327161508000074 ], [ -4.009156437999934, 5.327203740000073 ], [ -4.009216010999978, 5.327247172000057 ], [ -4.009343687999944, 5.32737755200003 ], [ -4.00937701099997, 5.327406328000052 ], [ -4.00942758399998, 5.327463908000027 ], [ -4.00947929199998, 5.327526574000046 ], [ -4.009533546999933, 5.327594323000028 ], [ -4.009582163999937, 5.327663778000044 ], [ -4.009626557999979, 5.32773663100005 ], [ -4.009666437999954, 5.327808926000046 ], [ -4.009700964999979, 5.327884057000063 ], [ -4.009736054999962, 5.327959187000033 ], [ -4.009767755999974, 5.328030365000075 ], [ -4.00978338799996, 5.328104962000054 ], [ -4.009801538999966, 5.328168248000054 ], [ -4.009827878999943, 5.328237739000031 ], [ -4.009850538999956, 5.328299322000021 ], [ -4.009879416999979, 5.32836880800005 ], [ -4.009904902999949, 5.328433778000033 ], [ -4.009926439999958, 5.328498189000072 ], [ -4.009948238999925, 5.328550163000045 ], [ -4.009963824999943, 5.328596494000067 ], [ -4.009996311999942, 5.328630925000027 ], [ -4.010016127999961, 5.328677814000059 ], [ -4.010021571999971, 5.328730379000035 ], [ -4.010037976999968, 5.328760314000021 ], [ -4.010061450999956, 5.328801544000044 ], [ -4.010084925999934, 5.328843905000042 ], [ -4.010121099999935, 5.328891332000069 ], [ -4.010157291999974, 5.328950066000061 ], [ -4.010196291999932, 5.329001446000063 ], [ -4.010218948999977, 5.329060767000044 ], [ -4.010244426999975, 5.32912064900006 ], [ -4.010281455999973, 5.329173729000047 ], [ -4.01031846799998, 5.329216632000055 ], [ -4.010381681999945, 5.329244229000039 ], [ -4.010412429999974, 5.329250397000067 ], [ -4.01046912399994, 5.329257088000077 ], [ -4.010535122999954, 5.329263763000029 ], [ -4.010600007999926, 5.329278355000042 ], [ -4.010660659999928, 5.329291823000062 ], [ -4.010729237999954, 5.329323369000065 ], [ -4.010792455999933, 5.329353792000063 ], [ -4.010844981999981, 5.329398366000021 ], [ -4.010885667999958, 5.329446351000058 ], [ -4.010933380999973, 5.329479627000069 ], [ -4.010996588999944, 5.329503832000057 ], [ -4.011053603999926, 5.329534265000063 ], [ -4.011113980999937, 5.329551691000063 ], [ -4.011177185999941, 5.329574200000025 ], [ -4.011245738999946, 5.329590482000071 ], [ -4.011306394999963, 5.329606211000055 ], [ -4.011367585999949, 5.329603849000023 ], [ -4.011421713999937, 5.329593585000055 ], [ -4.011481519999961, 5.329607054000064 ], [ -4.011532905999957, 5.329644281000071 ], [ -4.011588810999967, 5.329686588000072 ], [ -4.01171525999996, 5.329754783000055 ], [ -4.011849938999944, 5.329855189000057 ], [ -4.012150101999964, 5.330096087000072 ], [ -4.012185128999931, 5.330131644000062 ], [ -4.012216767999973, 5.330165511000075 ], [ -4.012249543999928, 5.330203899000026 ], [ -4.01225668099994, 5.330257027000073 ], [ -4.012269449999962, 5.330305624000061 ], [ -4.012302799999929, 5.330350794000026 ], [ -4.012346296999965, 5.330392556000049 ], [ -4.012403300999949, 5.330416771000046 ], [ -4.012464529999932, 5.330437587000063 ], [ -4.012525214999926, 5.330470841000022 ], [ -4.012586445999943, 5.330492788000072 ], [ -4.012647125999933, 5.330523215000028 ], [ -4.012707484999964, 5.330529335000051 ], [ -4.012764492999963, 5.330556376000061 ], [ -4.012802376999957, 5.330614542000035 ], [ -4.012852069999951, 5.330651206000027 ], [ -4.012902628999939, 5.33070030500005 ], [ -4.012946160999945, 5.330763549000039 ], [ -4.012983214999963, 5.330831892000049 ], [ -4.013016608999976, 5.330903632000059 ], [ -4.013051975999929, 5.33097480400005 ], [ -4.013085641999965, 5.331040891000043 ], [ -4.013119026999959, 5.331106978000037 ], [ -4.01315156499993, 5.331172502000072 ], [ -4.013188602999946, 5.331231234000029 ], [ -4.013225926999951, 5.331292227000063 ], [ -4.013250281999944, 5.331354372000021 ], [ -4.013257728999974, 5.331425024000055 ], [ -4.013265738999962, 5.331494545000055 ], [ -4.013258783999959, 5.331552219000059 ], [ -4.013224453999953, 5.331597501000033 ], [ -4.013181355999961, 5.331627534000063 ], [ -4.013141659999974, 5.331667737000032 ], [ -4.013088385999936, 5.331683088000034 ], [ -4.013039591999927, 5.331678646000057 ], [ -4.012987400999975, 5.331665729000065 ], [ -4.012932119999959, 5.331660732000046 ], [ -4.012879961999943, 5.331668733000072 ], [ -4.012823043999958, 5.33169709200007 ], [ -4.01277177399993, 5.331730530000073 ], [ -4.012715724999964, 5.33177302200005 ], [ -4.012664449999932, 5.331803068000056 ], [ -4.012602171999959, 5.331830306000029 ], [ -4.012552597999957, 5.33186656700002 ], [ -4.012495986999966, 5.331910190000031 ], [ -4.012448108999934, 5.331948145000069 ], [ -4.012403074999952, 5.33200135900006 ], [ -4.012354358999971, 5.332044404000044 ], [ -4.012318353999945, 5.332100429000036 ], [ -4.012278666999975, 5.332146285000022 ], [ -4.012232763999975, 5.332185368000069 ], [ -4.012198735999959, 5.332242521000069 ], [ -4.012177126999973, 5.332307003000039 ], [ -4.012153827999953, 5.332372618000022 ], [ -4.012118673999964, 5.332431469000028 ], [ -4.012077289999979, 5.332474501000036 ], [ -4.01202855799994, 5.332507935000024 ], [ -4.01198605899998, 5.33255944900003 ], [ -4.011967271999936, 5.332624492000036 ], [ -4.01193576299994, 5.33267089900005 ], [ -4.011888992999957, 5.332696981000026 ], [ -4.01185748599994, 5.332743954000023 ], [ -4.011844044999975, 5.332802204000075 ], [ -4.011838789999956, 5.33286552800007 ], [ -4.011841438999966, 5.332933362000063 ], [ -4.011851412999931, 5.332996662000028 ], [ -4.011863376999941, 5.333069568000042 ], [ -4.011875330999942, 5.333136821000039 ], [ -4.011890670999946, 5.333205200000066 ], [ -4.011904322999953, 5.333275842000035 ], [ -4.01191063999994, 5.33334480000002 ], [ -4.01191724399996, 5.333417150000059 ], [ -4.011908328999937, 5.333483873000034 ], [ -4.011881357999926, 5.33354553700002 ], [ -4.011868773999936, 5.333610569000029 ], [ -4.011845488999938, 5.333684664000032 ], [ -4.011822193999933, 5.333752541000024 ], [ -4.011793257999955, 5.333819861000052 ], [ -4.011763765999945, 5.333892270000035 ], [ -4.011736804999941, 5.333960718000071 ], [ -4.011695158999942, 5.334016188000021 ], [ -4.011641078999958, 5.334055284000044 ], [ -4.011586982999972, 5.334085335000054 ], [ -4.011543888999938, 5.334117629000048 ], [ -4.011525070999937, 5.334164016000045 ], [ -4.011507078999955, 5.334198530000037 ], [ -4.01149699399997, 5.334239815000046 ], [ -4.011480992999964, 5.33428450100007 ], [ -4.011419664999949, 5.334375618000024 ], [ -4.011411532999944, 5.334403897000072 ], [ -4.011399170999937, 5.334431618000053 ], [ -4.011374681999939, 5.334459925000033 ], [ -4.01133043599998, 5.334476957000049 ], [ -4.011282780999977, 5.33447929600004 ], [ -4.011236826999948, 5.334487286000069 ], [ -4.011217676999934, 5.334503712000071 ], [ -4.011203352999928, 5.334538785000063 ], [ -4.011202582999942, 5.33458570800002 ], [ -4.011202624999953, 5.334611147000032 ], [ -4.011188319999974, 5.334658092000041 ], [ -4.011167504999946, 5.334690915000067 ], [ -4.011147823999977, 5.334727128000054 ], [ -4.011136016999956, 5.334749760000022 ], [ -4.011112652999941, 5.33477580300007 ], [ -4.011081116999947, 5.334805817000074 ], [ -4.011045071999945, 5.334836968000047 ], [ -4.011021709999966, 5.334864142000072 ], [ -4.010978354999963, 5.334909439000057 ], [ -4.010939769999936, 5.334940030000041 ], [ -4.010880044999965, 5.334976308000023 ], [ -4.010830465999959, 5.335009178000064 ], [ -4.010807935999935, 5.335027871000023 ], [ -4.010785407999947, 5.335047694000025 ], [ -4.01073781599996, 5.33508847500002 ], [ -4.010712482999963, 5.335117913000033 ], [ -4.010674776999963, 5.335168288000034 ], [ -4.01065226999998, 5.335201114000029 ], [ -4.010616245999927, 5.335245268000051 ], [ -4.010575709999955, 5.335289995000039 ], [ -4.010554038999942, 5.335316035000062 ], [ -4.01053604699996, 5.335350549000054 ], [ -4.010509930999945, 5.335418430000061 ], [ -4.01050377599995, 5.335448402000054 ], [ -4.010496484999976, 5.33547328800006 ], [ -4.010485819999928, 5.335504963000062 ], [ -4.010474034999959, 5.335541163000073 ], [ -4.010458897999968, 5.335596589000033 ], [ -4.010448249999968, 5.335638440000025 ], [ -4.008767567999939, 5.335854324000024 ], [ -4.008219484999927, 5.335937760000036 ], [ -4.007506661999969, 5.335990937000076 ], [ -4.006580702999941, 5.336081774000036 ], [ -4.005491780999932, 5.336195488000044 ], [ -4.005247035999957, 5.336217936000025 ], [ -4.003964228999962, 5.336067960000037 ], [ -4.004643870999928, 5.330345814000054 ], [ -4.001006707999977, 5.329896090000034 ], [ -3.997130640999956, 5.329416768000044 ], [ -3.996451865999973, 5.335196580000058 ], [ -3.993618500999958, 5.334816745000069 ], [ -3.99274467999993, 5.334714136000059 ], [ -3.992103530999941, 5.334621327000036 ], [ -3.991543399999955, 5.334579831000042 ], [ -3.991056088999926, 5.334577789000036 ], [ -3.990820379999946, 5.334604680000041 ], [ -3.990679114999978, 5.334620796000024 ], [ -3.990277367999965, 5.334690412000043 ], [ -3.98986855499993, 5.334750994000046 ], [ -3.989394771999969, 5.334919657000057 ], [ -3.988757086999954, 5.335229913000035 ], [ -3.988293326999951, 5.335494664000066 ], [ -3.987867559999927, 5.33571130100006 ], [ -3.987450846999934, 5.335946014000058 ], [ -3.987121756999954, 5.336130838000031 ], [ -3.986785336999958, 5.336316803000045 ], [ -3.986344673999952, 5.336565122000025 ], [ -3.985975605999954, 5.336792408000065 ], [ -3.985655335999979, 5.33702583400003 ], [ -3.985394830999951, 5.337247293000075 ], [ -3.985114657999929, 5.337513444000024 ], [ -3.984926282999936, 5.337694649000071 ], [ -3.984794181999973, 5.33779548800004 ], [ -3.984416560999932, 5.337611232000029 ] ] ] ] } },
{ "type": "Feature", "properties": { "id": 4.0, "objectid": 5.0, "area": 1081740.614, "commune": "COCODY", "nom_quar": "SIDECI RIVIERA", "shape_leng": 0.044033300712100001, "shape_area": 8.8302763358000003e-05, "commune_id": 4.0 }, "geometry": { "type": "MultiPolygon", "coordinates": [ [ [ [ -3.958846989999927, 5.361118162000025 ], [ -3.956475248999936, 5.360274651000054 ], [ -3.955227714999978, 5.359811900000068 ], [ -3.954937379999933, 5.359724727000071 ], [ -3.954632662999927, 5.359638141000062 ], [ -3.954299157999969, 5.359536902000059 ], [ -3.952805014999967, 5.359175723000021 ], [ -3.951368991999971, 5.358829148000041 ], [ -3.951006438999968, 5.358727952000038 ], [ -3.950961531999951, 5.357772617000023 ], [ -3.950837227999955, 5.355808294000042 ], [ -3.950759943999969, 5.355070660000024 ], [ -3.950669432999973, 5.354168537000021 ], [ -3.950643763999949, 5.353799982000055 ], [ -3.950630797999963, 5.353621359000044 ], [ -3.950617911999927, 5.353494745000035 ], [ -3.950629934999938, 5.352879649000045 ], [ -3.950603328999932, 5.352269136000075 ], [ -3.950523026999974, 5.351767814000027 ], [ -3.950469391999945, 5.351368775000026 ], [ -3.95043355699994, 5.351173792000054 ], [ -3.950427530999946, 5.350923927000053 ], [ -3.950421640999934, 5.350762252000038 ], [ -3.950468146999981, 5.350562054000022 ], [ -3.950510215999941, 5.35041048000005 ], [ -3.951491389999944, 5.349520828000038 ], [ -3.952906482999936, 5.348201418000031 ], [ -3.953780147999964, 5.349099497000054 ], [ -3.95426860699996, 5.349651063000067 ], [ -3.954389663999962, 5.349879267000063 ], [ -3.954430241999944, 5.350040322000041 ], [ -3.954445287999931, 5.351196960000038 ], [ -3.95439164499993, 5.352796921000049 ], [ -3.95445052599996, 5.353303363000066 ], [ -3.954606026999954, 5.353555822000033 ], [ -3.95485873399997, 5.353749901000072 ], [ -3.955346216999942, 5.35385033600005 ], [ -3.955609057999936, 5.353849926000066 ], [ -3.956359284999962, 5.353887764000035 ], [ -3.957742046999954, 5.353905391000069 ], [ -3.95853064299996, 5.353952777000075 ], [ -3.958897413999978, 5.35404717800003 ], [ -3.961079765999955, 5.355374539000024 ], [ -3.964089890999958, 5.357266481000067 ], [ -3.964303070999961, 5.357429525000043 ], [ -3.96444089299996, 5.357554810000067 ], [ -3.964554276999934, 5.35774288500005 ], [ -3.964717696999969, 5.358006070000044 ], [ -3.963033936999977, 5.359020653000073 ], [ -3.961670667999954, 5.359752632000038 ], [ -3.959151420999945, 5.36122643300007 ], [ -3.958846989999927, 5.361118162000025 ] ] ] ] } },
{ "type": "Feature", "properties": { "id": 35.0, "objectid": 36.0, "area": 1123734.333, "commune": "COCODY", "nom_quar": "RIVERA GOLF  II", "shape_leng": 0.084270922207100002, "shape_area": 9.1726011958000002e-05, "commune_id": 4.0 }, "geometry": { "type": "MultiPolygon", "coordinates": [ [ [ [ -3.967661754999938, 5.331795750000026 ], [ -3.963064481999936, 5.331802960000061 ], [ -3.960808708999934, 5.331806486000062 ], [ -3.959648094999977, 5.331708799000069 ], [ -3.958962577999955, 5.331554967000045 ], [ -3.958199900999944, 5.331290451000029 ], [ -3.957845740999971, 5.331135537000023 ], [ -3.95849521699995, 5.328595075000067 ], [ -3.958690485999966, 5.32794464400007 ], [ -3.958832317999963, 5.327569611000058 ], [ -3.958903386999964, 5.327390292000075 ], [ -3.960601486999963, 5.324029037000059 ], [ -3.960627158999955, 5.324035216000027 ], [ -3.960716583999954, 5.324054297000032 ], [ -3.960801213999957, 5.324072821000073 ], [ -3.960888968999939, 5.324106039000071 ], [ -3.960980940999946, 5.324131335000061 ], [ -3.961069520999956, 5.324150984000028 ], [ -3.961168820999944, 5.324172877000024 ], [ -3.961268095999969, 5.324178940000024 ], [ -3.961352985999952, 5.324183331000029 ], [ -3.961440420999963, 5.32419223900007 ], [ -3.961518835999925, 5.324203989000068 ], [ -3.961616446999926, 5.324228146000053 ], [ -3.961721096999952, 5.324244942000064 ], [ -3.961806834999948, 5.324250462000066 ], [ -3.96187817699996, 5.324247524000043 ], [ -3.961953181999945, 5.324242319000064 ], [ -3.962011857999926, 5.324254664000023 ], [ -3.962071335999951, 5.324238177000041 ], [ -3.962124675999974, 5.324265230000037 ], [ -3.962205949999941, 5.324301284000057 ], [ -3.962285217999977, 5.324317554000061 ], [ -3.962381961999938, 5.324328145000038 ], [ -3.962479248999955, 5.324325166000051 ], [ -3.96257596199996, 5.324315970000043 ], [ -3.962661729999979, 5.324341276000041 ], [ -3.962729481999929, 5.324386396000023 ], [ -3.962792699999966, 5.324417955000058 ], [ -3.962800681999965, 5.324473345000058 ], [ -3.962821687999963, 5.324562069000024 ], [ -3.962857076999967, 5.324651335000055 ], [ -3.962898649999943, 5.324727024000026 ], [ -3.962944720999928, 5.324794226000051 ], [ -3.963003494999953, 5.32486932200004 ], [ -3.963065079999978, 5.324938761000055 ], [ -3.963132027999961, 5.325011584000038 ], [ -3.963192490999973, 5.325084982000021 ], [ -3.963254056999972, 5.325141984000027 ], [ -3.963296435999951, 5.325192231000074 ], [ -3.963307254999961, 5.325258358000042 ], [ -3.963301171999944, 5.325336382000046 ], [ -3.963311995999959, 5.325405901000067 ], [ -3.963266106999924, 5.325455721000026 ], [ -3.96319144499995, 5.32549993300006 ], [ -3.96311566299994, 5.325549801000022 ], [ -3.963037053999926, 5.325595150000026 ], [ -3.962953353999978, 5.325630896000064 ], [ -3.962883770999952, 5.325676796000039 ], [ -3.96282972299997, 5.325739632000023 ], [ -3.96279372999993, 5.325805831000025 ], [ -3.962579719999951, 5.326189457000055 ], [ -3.962544483999977, 5.326198558000044 ], [ -3.962488683999936, 5.326222389000066 ], [ -3.962421954999968, 5.326290897000035 ], [ -3.962337140999978, 5.326335691000054 ], [ -3.962262168999928, 5.326361813000062 ], [ -3.962209255999937, 5.326428604000057 ], [ -3.962194665999959, 5.326476680000042 ], [ -3.962193978999949, 5.326579005000042 ], [ -3.962237449999975, 5.32660607300005 ], [ -3.962222032999932, 5.326666021000051 ], [ -3.962180648999947, 5.326711878000026 ], [ -3.96223036899994, 5.326767767000035 ], [ -3.962240348999956, 5.326838418000023 ], [ -3.962242446999937, 5.32691812500002 ], [ -3.962228989999971, 5.326969026000029 ], [ -3.962149518999979, 5.327004200000033 ], [ -3.962095483999974, 5.327074950000053 ], [ -3.962103816999957, 5.327174435000074 ], [ -3.96214542499996, 5.327272737000044 ], [ -3.962278684999944, 5.327552931000071 ], [ -3.962321079999981, 5.32761335500004 ], [ -3.962372439999967, 5.327635888000032 ], [ -3.962442965999969, 5.327652172000057 ], [ -3.962446750999959, 5.327728485000023 ], [ -3.962443174999976, 5.327786154000023 ], [ -3.962507198999958, 5.327791707000074 ], [ -3.962552425999945, 5.327860041000065 ], [ -3.962626669999963, 5.327909109000075 ], [ -3.962705967999966, 5.32794403500003 ], [ -3.962784729999953, 5.327997053000047 ], [ -3.962846835999926, 5.328038790000051 ], [ -3.962923613999976, 5.328085592000036 ], [ -3.962973300999977, 5.328119999000023 ], [ -3.963051208999957, 5.328167930000063 ], [ -3.963130513999943, 5.328207379000048 ], [ -3.963203552999971, 5.32820669900002 ], [ -3.963281306999932, 5.328155698000046 ], [ -3.963361369999973, 5.328138613000021 ], [ -3.963422067999943, 5.328181483000037 ], [ -3.963434846999974, 5.328238561000035 ], [ -3.963420336999945, 5.328337516000033 ], [ -3.96344867199997, 5.328423967000049 ], [ -3.963506327999937, 5.328505284000073 ], [ -3.963537190999944, 5.328584946000035 ], [ -3.963571711999975, 5.328660081000066 ], [ -3.963625128999979, 5.328735751000067 ], [ -3.963681922999967, 5.328806328000042 ], [ -3.963766021999959, 5.328845769000054 ], [ -3.963863336999964, 5.328860315000043 ], [ -3.963966266999932, 5.328859024000053 ], [ -3.964064671999949, 5.328849259000037 ], [ -3.96416023699993, 5.328827062000073 ], [ -3.964248766999958, 5.328814486000056 ], [ -3.964337103999981, 5.328858443000058 ], [ -3.964397801999951, 5.328901313000074 ], [ -3.964470928999958, 5.328957166000066 ], [ -3.96454771599997, 5.329009621000068 ], [ -3.964623643999971, 5.329053597000041 ], [ -3.964721022999925, 5.329108847000043 ], [ -3.964811306999934, 5.329135841000038 ], [ -3.964887199999964, 5.329157205000058 ], [ -3.964963098999931, 5.329182525000022 ], [ -3.965003742999954, 5.329205075000061 ], [ -3.96506612099995, 5.329240027000026 ], [ -3.965096882999944, 5.329255243000034 ], [ -3.965148242999931, 5.329277775000037 ], [ -3.965213153999969, 5.329309332000037 ], [ -3.965289069999926, 5.329345394000029 ], [ -3.965355102999979, 5.329373557000054 ], [ -3.965427343999977, 5.32940340600004 ], [ -3.965484075999939, 5.329434975000026 ], [ -3.965514846999952, 5.329455844000051 ], [ -3.96556000299995, 5.329478386000062 ], [ -3.965632267999979, 5.329523499000061 ], [ -3.965693843999929, 5.32958728400007 ], [ -3.965766128999974, 5.329645400000061 ], [ -3.965838406999978, 5.329699558000073 ], [ -3.965881617999969, 5.32974075900006 ], [ -3.96590873599996, 5.329769548000058 ], [ -3.965955061999978, 5.329819224000062 ], [ -3.966013803999942, 5.329873403000022 ], [ -3.966071419999935, 5.329928714000062 ], [ -3.966144854999925, 5.330000961000053 ], [ -3.966211524999949, 5.330076045000055 ], [ -3.966267764999941, 5.330153406000022 ], [ -3.966321191999953, 5.33023472900004 ], [ -3.966378832999965, 5.330306435000068 ], [ -3.966444926999941, 5.33037304000004 ], [ -3.966511817999958, 5.330408551000062 ], [ -3.966582114999937, 5.330458189000069 ], [ -3.966611213999954, 5.330491498000072 ], [ -3.966627328999948, 5.330517477000058 ], [ -3.966673669999977, 5.330576198000074 ], [ -3.966733245999933, 5.330623027000058 ], [ -3.966796491999958, 5.330672111000069 ], [ -3.966871270999945, 5.330701956000041 ], [ -3.966947159999961, 5.330720492000069 ], [ -3.967014031999952, 5.330744131000074 ], [ -3.967104278999955, 5.330747381000037 ], [ -3.967208890999927, 5.33073930200004 ], [ -3.967279407999968, 5.330748802000073 ], [ -3.967348019999974, 5.330802966000022 ], [ -3.967432891999977, 5.330794918000038 ], [ -3.967512153999962, 5.330806665000068 ], [ -3.967602434999947, 5.330831963000037 ], [ -3.96764597799995, 5.330904256000053 ], [ -3.967662491999931, 5.331005423000022 ], [ -3.967684056999929, 5.331090188000076 ], [ -3.96770504899996, 5.331168736000052 ], [ -3.967726024999934, 5.331237673000032 ], [ -3.967738553999936, 5.331314537000026 ], [ -3.96771892199996, 5.331384103000062 ], [ -3.967720741999926, 5.331465507000075 ], [ -3.967731873999981, 5.33155141900005 ], [ -3.967710269999941, 5.331622119000031 ], [ -3.967791372999955, 5.331548499000064 ], [ -3.96779748199998, 5.331487434000053 ], [ -3.967809173999967, 5.331390180000028 ], [ -3.967823437999925, 5.331314404000068 ], [ -3.967845858999965, 5.331225612000026 ], [ -3.967854772999942, 5.33115493300005 ], [ -3.967837446999965, 5.33107581400003 ], [ -3.967807722999964, 5.331003499000076 ], [ -3.967783095999948, 5.330944744000021 ], [ -3.967773153999929, 5.330898403000049 ], [ -3.967756961999953, 5.330823240000029 ], [ -3.967725267999981, 5.330753755000046 ], [ -3.967669895999961, 5.330690525000023 ], [ -3.967680848999976, 5.330661676000034 ], [ -3.967721403999974, 5.33062712800006 ], [ -3.967780025999957, 5.330604423000068 ], [ -3.96784938899998, 5.330598095000028 ], [ -3.967921593999961, 5.330605331000072 ], [ -3.967990156999974, 5.330627836000076 ], [ -3.968075061999969, 5.330641270000058 ], [ -3.968140221999931, 5.330651909000039 ], [ -3.968212490999974, 5.330699848000052 ], [ -3.968285590999926, 5.330738175000022 ], [ -3.968359531999965, 5.330773674000056 ], [ -3.968427245999976, 5.330794485000069 ], [ -3.968453483999951, 5.330801228000041 ], [ -3.968503983999938, 5.33081471600002 ], [ -3.968561826999974, 5.330834977000052 ], [ -3.96861064999996, 5.330858078000063 ], [ -3.968638627999951, 5.330895911000027 ], [ -3.968633325999974, 5.330931535000047 ], [ -3.96861337699994, 5.330978488000028 ], [ -3.968634329999929, 5.331032727000036 ], [ -3.968681213999957, 5.33107787900002 ], [ -3.968732887999977, 5.331120197000075 ], [ -3.968801489999976, 5.331168142000024 ], [ -3.968854847999978, 5.331205369000031 ], [ -3.968915267999932, 5.331250500000067 ], [ -3.968980468999973, 5.331287144000044 ], [ -3.96906058299993, 5.331302282000024 ], [ -3.969122065999954, 5.331306142000074 ], [ -3.969184411999947, 5.331320177000066 ], [ -3.969245636999972, 5.33133930200006 ], [ -3.969299776999947, 5.331335825000053 ], [ -3.969361209999931, 5.331307462000041 ], [ -3.969438717999935, 5.331279073000076 ], [ -3.969514555999979, 5.331265386000041 ], [ -3.969587578999949, 5.331254530000024 ], [ -3.969669622999959, 5.331241963000025 ], [ -3.969745454999952, 5.331224319000057 ], [ -3.969827493999958, 5.331208360000062 ], [ -3.969910649999974, 5.331185616000027 ], [ -3.969998853999925, 5.331144774000052 ], [ -3.970061107999925, 5.331100015000061 ], [ -3.97012052599996, 5.331045650000021 ], [ -3.970167530999959, 5.330988478000052 ], [ -3.970212541999956, 5.330918307000047 ], [ -3.970246546999931, 5.330843065000067 ], [ -3.970271813999943, 5.330770664000056 ], [ -3.970294236999962, 5.330683003000047 ], [ -3.970320343999958, 5.330606643000067 ], [ -3.970358034999947, 5.330544398000029 ], [ -3.970403913999974, 5.330488358000025 ], [ -3.970459938999966, 5.33042834500003 ], [ -3.970502151999938, 5.330372311000076 ], [ -3.970499538999945, 5.330324263000023 ], [ -3.970480279999947, 5.330271718000063 ], [ -3.970448590999979, 5.330205625000076 ], [ -3.970418863999953, 5.330131049000045 ], [ -3.97042580599998, 5.330062068000075 ], [ -3.970447401999934, 5.329986846000054 ], [ -3.970480849999944, 5.329916127000047 ], [ -3.97051119899993, 5.329847675000053 ], [ -3.970539293999934, 5.329780357000061 ], [ -3.970586859999969, 5.329720923000025 ], [ -3.970637232999934, 5.329653570000062 ], [ -3.970679702999973, 5.329581141000062 ], [ -3.970739962999971, 5.32952451400007 ], [ -3.970800549999979, 5.329496152000047 ], [ -3.97086085199993, 5.329466094000054 ], [ -3.970919451999976, 5.329429821000076 ], [ -3.970978895999963, 5.329391851000025 ], [ -3.971051072999956, 5.329381561000048 ], [ -3.971132263999948, 5.329364473000055 ], [ -3.971215389999941, 5.329322508000075 ], [ -3.971242387999951, 5.329274978000058 ], [ -3.971268289999955, 5.329248367000048 ], [ -3.97130803899995, 5.329239259000076 ], [ -3.971364988999937, 5.329229559000055 ], [ -3.971447026999954, 5.32921360000006 ], [ -3.971532728999932, 5.32919537500004 ], [ -3.971618422999939, 5.329172626000059 ], [ -3.971707760999948, 5.32913630500002 ], [ -3.97176554999993, 5.329122080000047 ], [ -3.971832072999973, 5.329102754000075 ], [ -3.971907003999945, 5.329050061000032 ], [ -3.971962733999931, 5.328982134000057 ], [ -3.972004348999974, 5.328904618000024 ], [ -3.972026790999962, 5.328829395000071 ], [ -3.972041882999974, 5.328742311000042 ], [ -3.972062631999961, 5.328666525000074 ], [ -3.972096654999973, 5.328603154000064 ], [ -3.972150712999962, 5.328547667000066 ], [ -3.972191229999964, 5.328488809000021 ], [ -3.972221016999981, 5.328422054000043 ], [ -3.972245143999942, 5.328342305000035 ], [ -3.972263068999951, 5.328263697000068 ], [ -3.972276478999959, 5.328183399000068 ], [ -3.972281692999957, 5.328091808000067 ], [ -3.972288044999971, 5.328005869000037 ], [ -3.972321197999975, 5.327927802000033 ], [ -3.972372707999966, 5.327865534000068 ], [ -3.972437513999978, 5.327830947000052 ], [ -3.972510512999975, 5.327804827000023 ], [ -3.972571097999946, 5.327775900000063 ], [ -3.972635900999933, 5.327738486000044 ], [ -3.972690845999978, 5.327709568000046 ], [ -3.97276299899994, 5.327684014000056 ], [ -3.97283346699993, 5.327662986000064 ], [ -3.972910991999925, 5.327645904000065 ], [ -3.972967940999979, 5.327635638000061 ], [ -3.973020102999953, 5.327630468000052 ], [ -3.973055365999926, 5.327638326000056 ], [ -3.973059078999938, 5.327668283000037 ], [ -3.972961629999929, 5.327747017000036 ], [ -3.972970714999974, 5.327786010000068 ], [ -3.972986310999943, 5.327840257000048 ], [ -3.973014319999947, 5.327897875000076 ], [ -3.973061214999973, 5.327950377000036 ], [ -3.973119103999977, 5.32800003400007 ], [ -3.973169649999932, 5.328042353000058 ], [ -3.973230336999961, 5.328078438000034 ], [ -3.973289891999968, 5.32811113300005 ], [ -3.973363843999948, 5.328153416000021 ], [ -3.973433564999937, 5.328195139000059 ], [ -3.973514836999925, 5.328230061000056 ], [ -3.973605132999978, 5.328264403000048 ], [ -3.973682726999925, 5.328291981000064 ], [ -3.973750459999962, 5.328324663000046 ], [ -3.973832553999955, 5.328343755000049 ], [ -3.973912926999958, 5.328345323000065 ], [ -3.973967856999934, 5.32830622900002 ], [ -3.974013720999949, 5.32824114400006 ], [ -3.974065234999955, 5.328182269000024 ], [ -3.974135368999953, 5.328127887000051 ], [ -3.974223851999966, 5.328085348000059 ], [ -3.974283282999977, 5.328040028000032 ], [ -3.974351708999961, 5.327975472000048 ], [ -3.974397578999969, 5.327913779000028 ], [ -3.974453614999959, 5.327861115000076 ], [ -3.974527452999951, 5.32783160200006 ], [ -3.974593392999964, 5.327800404000072 ], [ -3.974650021999935, 5.327765830000033 ], [ -3.974703270999953, 5.327734088000057 ], [ -3.974751155999968, 5.327698962000056 ], [ -3.974830370999939, 5.327680746000055 ], [ -3.974926233999952, 5.327668722000055 ], [ -3.974986524999963, 5.327632446000052 ], [ -3.975061549999964, 5.327639677000036 ], [ -3.975145317999932, 5.327647459000048 ], [ -3.975225659999978, 5.327629241000068 ], [ -3.975306021999927, 5.327622895000047 ], [ -3.97539629299996, 5.327641973000027 ], [ -3.975492757999973, 5.327654258000052 ], [ -3.975594866999927, 5.327668794000033 ], [ -3.975694145999967, 5.327677682000058 ], [ -3.975804131999951, 5.327680335000025 ], [ -3.975910739999961, 5.32768638500005 ], [ -3.976000125999974, 5.327680590000057 ], [ -3.976065845999926, 5.32768896500005 ], [ -3.976147096999966, 5.327710319000062 ], [ -3.976233712999942, 5.327736187000028 ], [ -3.97631948399993, 5.327762621000034 ], [ -3.976398210999946, 5.327792458000033 ], [ -3.976459446999968, 5.327818366000031 ], [ -3.976531686999977, 5.327848214000028 ], [ -3.976596874999927, 5.327876942000046 ], [ -3.976668252999957, 5.327896050000049 ], [ -3.976734834999945, 5.327914600000042 ], [ -3.976803656999948, 5.327922971000021 ], [ -3.976882929999931, 5.327941501000055 ], [ -3.976940763999949, 5.327956108000024 ], [ -3.977012141999978, 5.327975781000021 ], [ -3.97709958799993, 5.327990906000025 ], [ -3.977179136999951, 5.328006043000073 ], [ -3.977220604999957, 5.328014457000052 ], [ -3.977329778999945, 5.328038593000031 ], [ -3.97738478399998, 5.328047551000054 ], [ -3.977440068999954, 5.328055378000045 ], [ -3.977500430999953, 5.328063762000056 ], [ -3.977571782999973, 5.328067041000054 ], [ -3.977638615999979, 5.328065239000068 ], [ -3.977707983999949, 5.328062302000035 ], [ -3.97776946099998, 5.328062204000048 ], [ -3.97783798699993, 5.32806153000007 ], [ -3.977904809999927, 5.328054075000068 ], [ -3.977970488999972, 5.328035880000073 ], [ -3.978038993999974, 5.328022204000035 ], [ -3.978105838999966, 5.328028316000029 ], [ -3.978182555999979, 5.328035544000045 ], [ -3.978249373999972, 5.328024696000057 ], [ -3.978308025999979, 5.32802177700006 ], [ -3.978342427999962, 5.328020026000047 ], [ -3.978401923999968, 5.328015974000039 ], [ -3.97845605699996, 5.328007974000059 ], [ -3.978520050999975, 5.327994869000065 ], [ -3.978571345999967, 5.32797613200006 ], [ -3.978620070999966, 5.327937048000024 ], [ -3.978676158999974, 5.327917737000064 ], [ -3.978742710999938, 5.327917066000055 ], [ -3.978810370999952, 5.327903391000063 ], [ -3.97888080599995, 5.327861445000053 ], [ -3.978940229999978, 5.327811602000054 ], [ -3.978998823999973, 5.327771936000033 ], [ -3.979042209999932, 5.327745297000035 ], [ -3.979088154999943, 5.327731656000026 ], [ -3.979500318999953, 5.327651856000045 ], [ -3.979651160999936, 5.327632395000023 ], [ -3.97976846499995, 5.327626555000052 ], [ -3.979886633999968, 5.327632020000067 ], [ -3.979985071999977, 5.327643735000038 ], [ -3.980064335999941, 5.327657177000049 ], [ -3.980143034999969, 5.327669489000073 ], [ -3.980187372999978, 5.327709557000048 ], [ -3.980242431999955, 5.327752434000047 ], [ -3.980330741999978, 5.327779429000032 ], [ -3.980414818999975, 5.327804169000046 ], [ -3.980494378999936, 5.327826655000024 ], [ -3.980583527999954, 5.327849126000046 ], [ -3.980666735999932, 5.327859735000061 ], [ -3.980750505999936, 5.327868647000059 ], [ -3.980831750999926, 5.327886608000028 ], [ -3.980905954999969, 5.327909668000075 ], [ -3.98098353499995, 5.327927635000037 ], [ -3.981059404999939, 5.327934298000059 ], [ -3.981136941999978, 5.327925695000033 ], [ -3.98121079699996, 5.327906921000022 ], [ -3.98128948599998, 5.327913014000046 ], [ -3.981358070999931, 5.32794965100004 ], [ -3.98143652899995, 5.327987968000059 ], [ -3.98152597099994, 5.328017222000028 ], [ -3.981602710999937, 5.328039148000073 ], [ -3.981698324999968, 5.328048041000045 ], [ -3.981790525999941, 5.328039414000045 ], [ -3.981873381999947, 5.328005362000056 ], [ -3.981942966999952, 5.327961721000065 ], [ -3.982003249999934, 5.327919791000056 ], [ -3.982045491999941, 5.327882978000048 ], [ -3.982078164999962, 5.327858052000067 ], [ -3.982129488999931, 5.327857405000032 ], [ -3.982109826999931, 5.327907184000026 ], [ -3.982094408999956, 5.327964872000052 ], [ -3.982115368999928, 5.328023067000061 ], [ -3.982132666999973, 5.328083529000025 ], [ -3.982171341999958, 5.328108907000058 ], [ -3.982184075999953, 5.328136587000074 ], [ -3.982169753999926, 5.328174487000069 ], [ -3.982146426999975, 5.328224273000046 ], [ -3.982146774999933, 5.328266106000058 ], [ -3.982193214999938, 5.328208369000038 ], [ -3.982224712999937, 5.328154048000044 ], [ -3.982227467999962, 5.328113340000073 ], [ -3.982203732999949, 5.32808398100002 ], [ -3.982169554999928, 5.328048985000066 ], [ -3.982144928999958, 5.327991362000034 ], [ -3.982162044999939, 5.327937063000036 ], [ -3.98219637099993, 5.327887260000068 ], [ -3.982210662999933, 5.327830705000054 ], [ -3.982230356999935, 5.327801277000049 ], [ -3.982290163999949, 5.32781531400002 ], [ -3.982348853999952, 5.327836138000066 ], [ -3.982383036999977, 5.327873960000034 ], [ -3.982408511999949, 5.327933844000029 ], [ -3.982449177999968, 5.327969959000029 ], [ -3.982516062999935, 5.328001511000025 ], [ -3.982575622999946, 5.328037597000048 ], [ -3.982634332999964, 5.328070857000057 ], [ -3.982701188999954, 5.328084318000037 ], [ -3.982737283999938, 5.328083130000039 ], [ -3.982774958999926, 5.328011839000055 ], [ -3.982809341999939, 5.327998216000026 ], [ -3.982874232999961, 5.328017334000037 ], [ -3.982936584999948, 5.32803532500003 ], [ -3.982994386999962, 5.328029579000031 ], [ -3.983051004999936, 5.327988786000049 ], [ -3.983109677999948, 5.327998868000066 ], [ -3.983156812999937, 5.328024797000069 ], [ -3.983205363999957, 5.328053551000039 ], [ -3.983257830999946, 5.32806251300002 ], [ -3.983311124999943, 5.328059601000064 ], [ -3.983354324999937, 5.328093452000076 ], [ -3.983395034999944, 5.328157268000041 ], [ -3.98344474299995, 5.328204111000048 ], [ -3.983505433999937, 5.328242456000055 ], [ -3.983572311999978, 5.328269484000032 ], [ -3.983629040999972, 5.328298225000026 ], [ -3.983707763999973, 5.328325800000073 ], [ -3.983780010999965, 5.32835960500006 ], [ -3.98383957599998, 5.328399082000033 ], [ -3.98389913699998, 5.328435168000055 ], [ -3.983958696999935, 5.328471253000032 ], [ -3.984021085999927, 5.328512987000067 ], [ -3.984088802999963, 5.328535492000071 ], [ -3.984168357999977, 5.328554021000059 ], [ -3.984237776999976, 5.328582741000048 ], [ -3.98431087199998, 5.328618240000026 ], [ -3.984374069999944, 5.32863622900004 ], [ -3.98443362699993, 5.328670619000036 ], [ -3.98449233499997, 5.328702748000069 ], [ -3.984548469999936, 5.328712834000044 ], [ -3.984615288999976, 5.328702552000038 ], [ -3.984681876999957, 5.328724493000038 ], [ -3.98473520999994, 5.32874589000005 ], [ -3.984786869999937, 5.328779161000057 ], [ -3.984837382999956, 5.328801128000066 ], [ -3.984888775999934, 5.328844010000068 ], [ -3.984928563999972, 5.328859776000058 ], [ -3.984977339999944, 5.328852914000038 ], [ -3.985029531999942, 5.328866398000059 ], [ -3.985072182999943, 5.328909295000074 ], [ -3.985109179999938, 5.328943155000047 ], [ -3.985150669999939, 5.328965701000072 ], [ -3.985198633999971, 5.328980323000053 ], [ -3.985280751999937, 5.329014676000043 ], [ -3.985356673999945, 5.329054128000053 ], [ -3.985447842999974, 5.329105426000069 ], [ -3.98552828399994, 5.32914882700004 ], [ -3.985588703999952, 5.329193391000047 ], [ -3.985651119999943, 5.329252085000064 ], [ -3.985711540999944, 5.329297214000064 ], [ -3.985775897999929, 5.329334988000028 ], [ -3.985842505999926, 5.329369366000037 ], [ -3.985894185999939, 5.329415074000053 ], [ -3.985910364999938, 5.32948119100007 ], [ -3.985904295999944, 5.329565434000074 ], [ -3.985891747999972, 5.329654775000051 ], [ -3.985892732999957, 5.329742398000064 ], [ -3.985921044999941, 5.329812453000045 ], [ -3.985965155999963, 5.329886440000053 ], [ -3.986007850999954, 5.329957037000042 ], [ -3.986053070999958, 5.330019150000055 ], [ -3.986114356999963, 5.330076149000035 ], [ -3.986166871999956, 5.330115073000059 ], [ -3.986215716999936, 5.330151740000076 ], [ -3.98626545299993, 5.330216107000069 ], [ -3.986308668999925, 5.330259568000031 ], [ -3.986344801999962, 5.330282688000068 ], [ -3.986383789999934, 5.330327287000046 ], [ -3.986424514999953, 5.330400148000024 ], [ -3.986486121999974, 5.33048145600003 ], [ -3.986531395999975, 5.330577488000074 ], [ -3.986556656999937, 5.330679771000064 ], [ -3.986583020999944, 5.330765658000075 ], [ -3.98661388499994, 5.330844754000054 ], [ -3.986633706999953, 5.330895601000066 ], [ -3.986649284999942, 5.33093797500004 ], [ -3.986697369999945, 5.331028350000054 ], [ -3.986721797999962, 5.331138549000059 ], [ -3.986717446999933, 5.331239183000037 ], [ -3.986720144999936, 5.331339806000074 ], [ -3.986750174999941, 5.331425687000035 ], [ -3.986807008999961, 5.331520570000066 ], [ -3.986879325999951, 5.331597903000045 ], [ -3.986956162999945, 5.331680317000064 ], [ -3.987022293999928, 5.331768967000073 ], [ -3.987059384999952, 5.331861620000041 ], [ -3.987063208999928, 5.331961111000055 ], [ -3.987045304999981, 5.332051026000045 ], [ -3.987005597999939, 5.332086140000058 ], [ -3.986967044999972, 5.332137646000035 ], [ -3.986947194999971, 5.332245655000065 ], [ -3.986938356999929, 5.332362125000031 ], [ -3.986934022999947, 5.332473501000038 ], [ -3.986928839999962, 5.332583747000058 ], [ -3.986927305999927, 5.332682681000051 ], [ -3.986926300999926, 5.33275956600005 ], [ -3.986927537999975, 5.33282796900005 ], [ -3.986930145999963, 5.332871494000074 ], [ -3.986928538999962, 5.332924637000076 ], [ -3.986879856999963, 5.332990858000073 ], [ -3.986797877999948, 5.333043564000036 ], [ -3.986728318999951, 5.333104165000066 ], [ -3.986686142999929, 5.333182813000064 ], [ -3.986643982999965, 5.33327107100007 ], [ -3.986611412999935, 5.33336044400005 ], [ -3.98659466099997, 5.333465621000073 ], [ -3.986593672999959, 5.333553248000044 ], [ -3.986592929999972, 5.333618261000026 ], [ -3.986589374999937, 5.333687801000053 ], [ -3.986580465999964, 5.333760177000045 ], [ -3.986574347999976, 5.333813892000023 ], [ -3.986572701999933, 5.333842727000047 ], [ -3.98656097099996, 5.333913976000076 ], [ -3.986503275999951, 5.333986430000039 ], [ -3.986444736999943, 5.334060581000074 ], [ -3.986422311999945, 5.334145981000063 ], [ -3.986363770999958, 5.334218436000072 ], [ -3.986346879999928, 5.334237119000022 ], [ -3.985033023999961, 5.333714604000022 ], [ -3.983563214999947, 5.334606774000065 ], [ -3.983501125999965, 5.334222453000052 ], [ -3.983316670999955, 5.333853592000025 ], [ -3.983070592999979, 5.33339324700006 ], [ -3.982670760999952, 5.332717193000065 ], [ -3.982224914999961, 5.33201125000005 ], [ -3.98174892399993, 5.331144803000029 ], [ -3.981232001999956, 5.330252981000058 ], [ -3.981126587999938, 5.330110122000065 ], [ -3.981010160999972, 5.329958236000039 ], [ -3.980891235999934, 5.329831793000039 ], [ -3.980717325999933, 5.329708829000026 ], [ -3.980533254999955, 5.329580228000054 ], [ -3.980310922999934, 5.329509917000053 ], [ -3.980088421999938, 5.329510271000061 ], [ -3.979865656999948, 5.329522497000028 ], [ -3.979689779999944, 5.329581571000062 ], [ -3.979114763999974, 5.32975547500007 ], [ -3.978206253999929, 5.33000396500006 ], [ -3.977345352999976, 5.33022128600004 ], [ -3.976707381999972, 5.33035288800005 ], [ -3.976386699999978, 5.330326827000022 ], [ -3.976130498999964, 5.330238477000023 ], [ -3.975608990999945, 5.330009217000054 ], [ -3.975285278999934, 5.329849742000022 ], [ -3.975131703999978, 5.329745401000025 ], [ -3.974925431999964, 5.329665451000039 ], [ -3.97462805899994, 5.329577731000029 ], [ -3.974417156999948, 5.329601809000053 ], [ -3.974218153999971, 5.329660917000069 ], [ -3.973972823999929, 5.329848993000041 ], [ -3.973738583999932, 5.330096411000056 ], [ -3.973098386999936, 5.330785424000055 ], [ -3.972734628999945, 5.331163070000059 ], [ -3.972429170999931, 5.331493703000035 ], [ -3.972194163999973, 5.331612227000051 ], [ -3.972053008999978, 5.331694987000049 ], [ -3.971841277999943, 5.331730937000032 ], [ -3.967661754999938, 5.331795750000026 ] ] ] ] } },
{ "type": "Feature", "properties": { "id": 36.0, "objectid": 37.0, "area": 7309023.338, "commune": "COCODY", "nom_quar": "RIVERA 3-4-5", "shape_leng": 0.13487957128899999, "shape_area": 0.0005966221948, "commune_id": 4.0 }, "geometry": { "type": "MultiPolygon", "coordinates": [ [ [ [ -3.944544034999979, 5.34852243000006 ], [ -3.94027708599998, 5.348664118000045 ], [ -3.940282877999948, 5.348763607000024 ], [ -3.933406928999943, 5.348952582000038 ], [ -3.929196944999944, 5.349068249000027 ], [ -3.929042660999926, 5.343438341000024 ], [ -3.929075100999967, 5.343443945000047 ], [ -3.929140244999928, 5.34344328100002 ], [ -3.929199732999962, 5.343431320000036 ], [ -3.92922284499997, 5.343422805000046 ], [ -3.929264841999952, 5.343407477000028 ], [ -3.929326006999929, 5.343385902000023 ], [ -3.92938830099996, 5.343364890000032 ], [ -3.929443244999959, 5.343332583000063 ], [ -3.929487451999933, 5.343286159000058 ], [ -3.929521766999926, 5.343226182000024 ], [ -3.929541425999957, 5.343171315000063 ], [ -3.929555713999946, 5.343108542000039 ], [ -3.929571123999949, 5.343041809000056 ], [ -3.929601480999963, 5.342975054000021 ], [ -3.929643153999962, 5.342931460000045 ], [ -3.929684594999969, 5.34292122200003 ], [ -3.929686206999975, 5.342868078000038 ], [ -3.929697123999972, 5.342813790000037 ], [ -3.929724945999965, 5.342749300000037 ], [ -3.929733024999962, 5.342683144000034 ], [ -3.929743631999941, 5.342610765000074 ], [ -3.929744361999951, 5.342533314000036 ], [ -3.929742560999955, 5.342460954000046 ], [ -3.929744123999967, 5.34237558600006 ], [ -3.929744858999925, 5.342301527000075 ], [ -3.929755750999959, 5.342230844000028 ], [ -3.929785272999936, 5.342171439000026 ], [ -3.929828619999967, 5.342115971000055 ], [ -3.929862918999959, 5.342045253000038 ], [ -3.940728683999964, 5.341880029000038 ], [ -3.941178215999969, 5.339846414000021 ], [ -3.942504399999962, 5.338657754000053 ], [ -3.942101630999957, 5.332886916000064 ], [ -3.938013678999937, 5.328838043000076 ], [ -3.937692751999975, 5.328464848000067 ], [ -3.937395909999964, 5.328166239000041 ], [ -3.936616107999953, 5.327387834000035 ], [ -3.937897109999938, 5.326166466000075 ], [ -3.93800033499997, 5.325987665000071 ], [ -3.938007949999928, 5.325801659000035 ], [ -3.937497241999949, 5.323384515000043 ], [ -3.937524284999938, 5.32336525300002 ], [ -3.937580072999936, 5.323332379000021 ], [ -3.93760713599994, 5.323326119000058 ], [ -3.937646037999968, 5.32331644900006 ], [ -3.93768831899996, 5.323303383000052 ], [ -3.937753438999948, 5.323288020000064 ], [ -3.93778838999998, 5.323276660000033 ], [ -3.937816575999932, 5.323267006000037 ], [ -3.937848991999942, 5.323257346000048 ], [ -3.937874061999935, 5.32323808700005 ], [ -3.937899400999925, 5.323210913000025 ], [ -3.93794279399998, 5.323187103000066 ], [ -3.937974352999959, 5.323170095000023 ], [ -3.937999428999944, 5.323155358000065 ], [ -3.938026477999927, 5.323139487000049 ], [ -3.938083415999927, 5.323121876000073 ], [ -3.938110493999943, 5.323125792000042 ], [ -3.938133917999949, 5.323137063000047 ], [ -3.938179055999967, 5.32314830100006 ], [ -3.938206976999936, 5.32314995400003 ], [ -3.938240528999927, 5.323145380000028 ], [ -3.938268433999951, 5.323136858000055 ], [ -3.938300841999933, 5.323121545000049 ], [ -3.938328738999928, 5.32310736900007 ], [ -3.938354949999962, 5.323097153000049 ], [ -3.938401734999957, 5.323078991000045 ], [ -3.938450544999966, 5.323094181000045 ], [ -3.938475105999942, 5.32311166900007 ], [ -3.93851121299997, 5.323118398000076 ], [ -3.938556332999951, 5.323117764000074 ], [ -3.938583405999964, 5.323117723000053 ], [ -3.938616668999941, 5.323109192000061 ], [ -3.938645412999961, 5.323095580000029 ], [ -3.938678943999946, 5.323076873000048 ], [ -3.938709651999943, 5.323057040000037 ], [ -3.938741205999975, 5.323036640000055 ], [ -3.938778108999941, 5.323010579000027 ], [ -3.93881500599997, 5.322980560000076 ], [ -3.938840346999939, 5.322954516000038 ], [ -3.938870748999932, 5.322918289000029 ], [ -3.938897766999958, 5.322882632000073 ], [ -3.938919444999954, 5.322858289000067 ], [ -3.938941979999925, 5.322841295000046 ], [ -3.938973543999964, 5.322828245000039 ], [ -3.939010463999978, 5.322812924000061 ], [ -3.939083756999935, 5.322794157000033 ], [ -3.939108853999926, 5.32279298800006 ], [ -3.939141279999944, 5.322790112000064 ], [ -3.939193720999981, 5.322782117000031 ], [ -3.939247851999937, 5.322772990000033 ], [ -3.939273225999955, 5.322768994000057 ], [ -3.939301992999958, 5.322770080000055 ], [ -3.93933076899998, 5.322777951000035 ], [ -3.939362371999948, 5.322789775000047 ], [ -3.939397637999946, 5.322800463000021 ], [ -3.939431211999931, 5.322810587000049 ], [ -3.939488756999936, 5.322820676000049 ], [ -3.939532176999933, 5.322814956000059 ], [ -3.939580142999944, 5.322831843000074 ], [ -3.939606107999964, 5.322845371000028 ], [ -3.939668472999927, 5.322872412000038 ], [ -3.939711920999969, 5.322885349000046 ], [ -3.939780432999953, 5.32287506800003 ], [ -3.939814808999927, 5.32285636000006 ], [ -3.939851690999944, 5.322816165000063 ], [ -3.939864331999956, 5.322783922000042 ], [ -3.939873260999946, 5.322721157000046 ], [ -3.93987322199996, 5.322695152000051 ], [ -3.93987853699997, 5.322666877000074 ], [ -3.939891187999933, 5.322641418000046 ], [ -3.939913717999957, 5.322621032000029 ], [ -3.939962209999976, 5.322612478000053 ], [ -3.939996631999975, 5.322624297000061 ], [ -3.940056167999956, 5.322645689000069 ], [ -3.940089752999938, 5.322663163000072 ], [ -3.940121358999932, 5.322677248000048 ], [ -3.940196146999938, 5.32271444600002 ], [ -3.94024412899995, 5.322741509000025 ], [ -3.940281960999926, 5.322770283000068 ], [ -3.940311889999975, 5.322793981000075 ], [ -3.940335325999968, 5.322813732000043 ], [ -3.940366947999962, 5.322837993000064 ], [ -3.940398574999961, 5.322866211000076 ], [ -3.940426535999961, 5.32289387000003 ], [ -3.940482733999943, 5.32294636000006 ], [ -3.940547677999973, 5.323000532000037 ], [ -3.940600185999926, 5.323036633000072 ], [ -3.940640822999967, 5.323055793000037 ], [ -3.940664259999949, 5.323075543000073 ], [ -3.940697572999966, 5.323099802000058 ], [ -3.940746395999952, 5.323123471000031 ], [ -3.940779688999953, 5.323134162000031 ], [ -3.940810438999961, 5.323141464000059 ], [ -3.940853876999938, 5.323147616000028 ], [ -3.940890827999965, 5.323153213000069 ], [ -3.940922417999957, 5.323156557000061 ], [ -3.940973755999948, 5.323165524000046 ], [ -3.94100733099998, 5.323176214000057 ], [ -3.94104062599996, 5.323188035000044 ], [ -3.941097608999939, 5.32319982000007 ], [ -3.941146413999945, 5.323211618000073 ], [ -3.94121297199996, 5.323214908000068 ], [ -3.941238340999973, 5.323207520000039 ], [ -3.941259191999961, 5.323195616000021 ], [ -3.941306837999946, 5.323187629000074 ], [ -3.941379906999941, 5.323206739000057 ], [ -3.94145408299994, 5.323212844000068 ], [ -3.941491871999972, 5.323212786000056 ], [ -3.941536993999932, 5.32321328300003 ], [ -3.941576755999961, 5.323212657000056 ], [ -3.941602133999936, 5.323211487000037 ], [ -3.941637090999961, 5.32320351900006 ], [ -3.941680495999947, 5.323188189000064 ], [ -3.941713711999967, 5.323148 ], [ -3.941727206999929, 5.323120843000027 ], [ -3.941743518999942, 5.323091986000065 ], [ -3.941772283999967, 5.323091943000065 ], [ -3.941803038999979, 5.323102637000034 ], [ -3.941828451999925, 5.323124646000053 ], [ -3.94188265799994, 5.323164136000059 ], [ -3.941904386999965, 5.323174279000057 ], [ -3.941951204999953, 5.323177599000076 ], [ -3.941993498999977, 5.323173012000041 ], [ -3.942031560999965, 5.323167301000069 ], [ -3.942074704999925, 5.323165539000058 ], [ -3.942114476999961, 5.323171697000021 ], [ -3.942148895999935, 5.323180689000026 ], [ -3.942187550999961, 5.323194198000067 ], [ -3.942227338999942, 5.323210532000076 ], [ -3.942265443999929, 5.323233087000062 ], [ -3.942301580999981, 5.323259602000064 ], [ -3.942332073999978, 5.323283865000064 ], [ -3.942355790999954, 5.323302484000067 ], [ -3.942373862999943, 5.323318286000074 ], [ -3.942389119999973, 5.323336919000042 ], [ -3.942408901999954, 5.323364024000057 ], [ -3.942433481999956, 5.323393949000035 ], [ -3.942468779999956, 5.323425554000039 ], [ -3.942504929999927, 5.32346054900006 ], [ -3.942552659999933, 5.323506833000067 ], [ -3.942582592999941, 5.32353392300007 ], [ -3.94262692999996, 5.323574559000065 ], [ -3.942672963999939, 5.32361858400003 ], [ -3.942708270999958, 5.323655842000051 ], [ -3.942743322999945, 5.323710060000053 ], [ -3.942767086999936, 5.323759773000063 ], [ -3.942796788999942, 5.323820218000037 ], [ -3.942819419999978, 5.32386654000004 ], [ -3.94284571999998, 5.323914553000066 ], [ -3.942872860999955, 5.323959738000042 ], [ -3.942906193999931, 5.323996434000037 ], [ -3.942946849999942, 5.324027465000029 ], [ -3.942979591999972, 5.324047201000042 ], [ -3.943018261999953, 5.324070320000033 ], [ -3.943058911999969, 5.324096829000041 ], [ -3.943112258999975, 5.324128406000057 ], [ -3.943200881999928, 5.324176888000068 ], [ -3.943262122999954, 5.32420675700007 ], [ -3.943312641999967, 5.324232685000027 ], [ -3.943355253999925, 5.324251841000034 ], [ -3.943404918999931, 5.324273248000054 ], [ -3.943453743999953, 5.32429804700007 ], [ -3.943499747999965, 5.32432228600004 ], [ -3.943548576999945, 5.324349913000049 ], [ -3.943615182999963, 5.324384296000062 ], [ -3.943655820999936, 5.324403455000038 ], [ -3.94369841699995, 5.324412435000056 ], [ -3.943739019999953, 5.32440841500005 ], [ -3.943789509999931, 5.324415687000055 ], [ -3.943878139999981, 5.324468127000046 ], [ -3.943905265999945, 5.324503136000033 ], [ -3.943929586999957, 5.324548325000023 ], [ -3.943950539999946, 5.324603696000054 ], [ -3.943973178999954, 5.324655106000023 ], [ -3.943994688999965, 5.324705953000034 ], [ -3.944024657999933, 5.32475622100003 ], [ -3.944056315999944, 5.324804226000026 ], [ -3.94409163499995, 5.324848833000033 ], [ -3.944134, 5.324891168000022 ], [ -3.944170135999968, 5.324917117000041 ], [ -3.944209100999956, 5.324948716000051 ], [ -3.944247772999972, 5.324972966000075 ], [ -3.944292925999946, 5.324993814000038 ], [ -3.944338075999951, 5.325012966000031 ], [ -3.94438970899995, 5.325029847000053 ], [ -3.944432866999932, 5.325037130000055 ], [ -3.94448448299994, 5.325043270000037 ], [ -3.944533278999927, 5.325048848000051 ], [ -3.944589117999953, 5.325050459000067 ], [ -3.944640438999954, 5.325047553000047 ], [ -3.944691195999951, 5.325044649000063 ], [ -3.944752378999965, 5.325036641000054 ], [ -3.94479946499996, 5.32503091500007 ], [ -3.944850781999946, 5.32502574800003 ], [ -3.944912236999926, 5.325010956000028 ], [ -3.944964384999935, 5.324995612000066 ], [ -3.945002432999956, 5.324980855000035 ], [ -3.945046403999925, 5.324966654000036 ], [ -3.945088964999968, 5.324951890000023 ], [ -3.945134038999925, 5.324921293000045 ], [ -3.945161908999978, 5.324889592000034 ], [ -3.945190625999942, 5.324858455000026 ], [ -3.945223273999943, 5.324816005000059 ], [ -3.945244650999939, 5.324779791000026 ], [ -3.945269975999963, 5.324743571000056 ], [ -3.945300652999947, 5.324702821000074 ], [ -3.945331327999952, 5.324661504000062 ], [ -3.945358338999938, 5.324621325000066 ], [ -3.945378876999939, 5.324589069000069 ], [ -3.945403338999938, 5.324541544000056 ], [ -3.945426667999925, 5.324491194000075 ], [ -3.945444652999925, 5.324449332000029 ], [ -3.945468810999955, 5.324387674000036 ], [ -3.945488760999979, 5.324340156000062 ], [ -3.945503064999969, 5.324289254000064 ], [ -3.945519058999935, 5.32423665400006 ], [ -3.945530833999953, 5.324190844000043 ], [ -3.945542591999981, 5.324134293000043 ], [ -3.94554590599995, 5.324088496000059 ], [ -3.945545829999958, 5.324038747000031 ], [ -3.94553590299995, 5.324001451000072 ], [ -3.945518651999976, 5.323969819000069 ], [ -3.945488988999955, 5.323935379000034 ], [ -3.945468928999958, 5.323910535000039 ], [ -3.945448286999977, 5.323874386000057 ], [ -3.945430183999974, 5.323838798000054 ], [ -3.94540840999997, 5.323799824000048 ], [ -3.945390310999926, 5.323766497000065 ], [ -3.945360344999926, 5.323718490000033 ], [ -3.945319677999976, 5.323680110000055 ], [ -3.945294584999942, 5.323683540000047 ], [ -3.945265525999957, 5.323675670000057 ], [ -3.945241241999952, 5.323654790000035 ], [ -3.945222303999969, 5.323625987000071 ], [ -3.945211235999977, 5.323580778000064 ], [ -3.945208639999976, 5.323542340000074 ], [ -3.945208595999929, 5.323513508000076 ], [ -3.945213052999975, 5.323477320000052 ], [ -3.945215530999974, 5.32343830800005 ], [ -3.945216596999956, 5.323397603000046 ], [ -3.94522104999993, 5.323359154000059 ], [ -3.945219856999927, 5.323316190000071 ], [ -3.945205425999973, 5.323284554000054 ], [ -3.945183656999973, 5.323248406000062 ], [ -3.945163023999953, 5.323217910000039 ], [ -3.945141256999932, 5.323183458000074 ], [ -3.945116943999949, 5.323143923000032 ], [ -3.945131293999964, 5.323122983000076 ], [ -3.94517721099993, 5.323090124000032 ], [ -3.945210458999952, 5.323071417000051 ], [ -3.94524850199997, 5.323053268000024 ], [ -3.945284578999974, 5.323040210000045 ], [ -3.945319816999927, 5.323032242000068 ], [ -3.945387474999961, 5.323016874000075 ], [ -3.945428912999944, 5.32300606900003 ], [ -3.94546498699998, 5.322991315000024 ], [ -3.945502740999927, 5.322968644000071 ], [ -3.945530620999932, 5.322943162000058 ], [ -3.945558785999935, 5.322919940000077 ], [ -3.945590332999927, 5.322895017000064 ], [ -3.945628090999946, 5.322875173000057 ], [ -3.945662475999939, 5.322862683000039 ], [ -3.945707582999944, 5.322853568000028 ], [ -3.945743681999943, 5.322855209000068 ], [ -3.945793331999937, 5.322865874000058 ], [ -3.94588528099996, 5.322876474000054 ], [ -3.94592757199996, 5.32287019100005 ], [ -3.945980001999942, 5.322854846000041 ], [ -3.946022281999944, 5.322841213000061 ], [ -3.946060333999981, 5.322829283000033 ], [ -3.946083728999952, 5.322821333000036 ], [ -3.946138684999937, 5.322798635000026 ], [ -3.94617306899994, 5.322785014000033 ], [ -3.946241575999977, 5.32277190700006 ], [ -3.946276816999955, 5.322765634000064 ], [ -3.946310069999925, 5.322750319000022 ], [ -3.94633794899994, 5.322724271000027 ], [ -3.94636159099997, 5.322694272000035 ], [ -3.946357874999933, 5.322661489000041 ], [ -3.946347955999954, 5.322629280000058 ], [ -3.946378356999958, 5.322593053000048 ], [ -3.946408224999971, 5.322577178000074 ], [ -3.946482099999969, 5.322570280000036 ], [ -3.946527223999965, 5.322572472000047 ], [ -3.94658140699994, 5.322597829000074 ], [ -3.946614987999965, 5.322612476000074 ], [ -3.946647430999974, 5.322620341000061 ], [ -3.946686330999967, 5.32260954000003 ], [ -3.946748387999946, 5.322619620000069 ], [ -3.946782785999972, 5.322615610000071 ], [ -3.94683238999994, 5.32259687800007 ], [ -3.946865661999936, 5.322594 ], [ -3.946900917999926, 5.322597338000037 ], [ -3.946937034999962, 5.322610851000036 ], [ -3.94703270499997, 5.322657061000029 ], [ -3.947068831999957, 5.322676792000038 ], [ -3.947106925999947, 5.322691997000049 ], [ -3.947149242999956, 5.322702673000038 ], [ -3.947198035999975, 5.322706556000071 ], [ -3.947235817999967, 5.322702540000023 ], [ -3.947294451999937, 5.322687187000042 ], [ -3.947333347999972, 5.322673559000066 ], [ -3.947366605999946, 5.322661636000021 ], [ -3.947409160999939, 5.322643480000067 ], [ -3.947449743999925, 5.322626458000059 ], [ -3.947491183999944, 5.322617349000041 ], [ -3.947550704999969, 5.322629129000063 ], [ -3.94759217099994, 5.322636415000034 ], [ -3.947635613999978, 5.322645393000073 ], [ -3.947688919999962, 5.322650399000054 ], [ -3.947737724999968, 5.322662196000067 ], [ -3.947793568999941, 5.32266663300004 ], [ -3.947873104999928, 5.322673860000066 ], [ -3.947959682999965, 5.322675423000021 ], [ -3.948074143999975, 5.322654330000034 ], [ -3.948138099999937, 5.32261522400006 ], [ -3.948180604999948, 5.322564844000055 ], [ -3.948198608999974, 5.322535984000069 ], [ -3.948212099999978, 5.322506567000062 ], [ -3.948218232999977, 5.32245963500003 ], [ -3.948229181999977, 5.322427960000027 ], [ -3.948266909999973, 5.322388328000045 ], [ -3.948310295999931, 5.322359995000056 ], [ -3.948355380999942, 5.322336747000065 ], [ -3.94842556499998, 5.322314026000072 ], [ -3.948461647999977, 5.322304926000072 ], [ -3.948538304999943, 5.322273714000062 ], [ -3.948568157999944, 5.322247663000041 ], [ -3.948596866999935, 5.32221200400005 ], [ -3.948631194999962, 5.322161636000033 ], [ -3.948662691999971, 5.322104490000072 ], [ -3.948663494999948, 5.322076222000021 ], [ -3.948647086999927, 5.322042893000059 ], [ -3.94864365199993, 5.322009544000025 ], [ -3.948646149999945, 5.321983535000072 ], [ -3.948651457999972, 5.321950737000066 ], [ -3.948684059999948, 5.321878325000057 ], [ -3.948698398999966, 5.321850037000047 ], [ -3.948713588999965, 5.321825139000055 ], [ -3.948731590999955, 5.321795149000025 ], [ -3.948751565999942, 5.32176402500005 ], [ -3.948772948999931, 5.321731768000063 ], [ -3.948812621999934, 5.321673478000037 ], [ -3.948831482999935, 5.321651967000037 ], [ -3.948875706999956, 5.321618544000046 ], [ -3.948900213999934, 5.321600981000074 ], [ -3.948923596999975, 5.321585681000045 ], [ -3.948948673999951, 5.321571510000069 ], [ -3.948979384999973, 5.321553372000039 ], [ -3.949027279999939, 5.321523901000035 ], [ -3.949085054999955, 5.321500633000028 ], [ -3.949136365999948, 5.321491509000055 ], [ -3.949203200999932, 5.321491406000064 ], [ -3.949242974999947, 5.32149869400007 ], [ -3.949275413999942, 5.32150486300003 ], [ -3.949305038999967, 5.321513863000064 ], [ -3.949368231999927, 5.321530160000066 ], [ -3.949412523999968, 5.321541398000022 ], [ -3.949453159999962, 5.321558861000028 ], [ -3.949484764999966, 5.321572380000021 ], [ -3.949542620999978, 5.321602254000027 ], [ -3.949569714999939, 5.321615780000059 ], [ -3.949603002999936, 5.321623643000066 ], [ -3.949634592999928, 5.321626987000059 ], [ -3.949683389999961, 5.32163369500006 ], [ -3.94971865499997, 5.321643252000058 ], [ -3.949753068999939, 5.32164941700006 ], [ -3.949803557999928, 5.321656124000071 ], [ -3.949840503999951, 5.321658328000069 ], [ -3.949870397999973, 5.32165941300002 ], [ -3.949900007999929, 5.321659367000052 ], [ -3.949953304999951, 5.321658154000033 ], [ -3.94998770199993, 5.321653579000042 ], [ -3.950038165999956, 5.321643890000075 ], [ -3.950094839999963, 5.321638150000069 ], [ -3.950125568999965, 5.321631884000055 ], [ -3.950159119999967, 5.321627309000064 ], [ -3.950185062999935, 5.321626139000045 ], [ -3.950223127999948, 5.321622688000048 ], [ -3.95025555899997, 5.321622638000065 ], [ -3.950280936999945, 5.321621468000046 ], [ -3.95032154699993, 5.321622536000064 ], [ -3.950411790999965, 5.321624093000025 ], [ -3.950466782999968, 5.321625139000048 ], [ -3.950494705999972, 5.321627923000051 ], [ -3.950535326999955, 5.321635775000061 ], [ -3.950567767999928, 5.321643074000065 ], [ -3.950595698999962, 5.321650946000034 ], [ -3.950622781999925, 5.321658253000066 ], [ -3.950658893999957, 5.321668373000023 ], [ -3.950720389999958, 5.32168071600006 ], [ -3.950777366999944, 5.32168854300005 ], [ -3.950806985999975, 5.321694150000042 ], [ -3.950837732999958, 5.321699756000044 ], [ -3.950871018999976, 5.321705923000025 ], [ -3.950901768999927, 5.321713225000053 ], [ -3.950964097999929, 5.321717652000075 ], [ -3.95102191899997, 5.321724347000043 ], [ -3.951076909999927, 5.321724262000032 ], [ -3.951102289999938, 5.321724223000047 ], [ -3.951167142999964, 5.321719035000058 ], [ -3.951199570999961, 5.321717289000048 ], [ -3.951233127999956, 5.321716106000054 ], [ -3.951265557999932, 5.321716056000071 ], [ -3.951307856999961, 5.321714860000043 ], [ -3.951347618999932, 5.321714799000063 ], [ -3.951384558999962, 5.32171304600007 ], [ -3.951426008999931, 5.321710155000062 ], [ -3.95146577099996, 5.321709529000032 ], [ -3.951498194999942, 5.321705521000069 ], [ -3.951539924999963, 5.321700934000035 ], [ -3.951585035999926, 5.321694646000026 ], [ -3.951608429999965, 5.321686695000039 ], [ -3.951645348999932, 5.321671375000051 ], [ -3.951672400999939, 5.321658330000048 ], [ -3.951703958999929, 5.321641322000062 ], [ -3.951748195999926, 5.321616944000027 ], [ -3.951780594999946, 5.321596543000055 ], [ -3.951810456999965, 5.321576710000045 ], [ -3.951867065999977, 5.321528570000055 ], [ -3.951896070999965, 5.321501389000048 ], [ -3.951919446999966, 5.321481566000045 ], [ -3.951954660999945, 5.321458334000056 ], [ -3.951987061999944, 5.321439062000024 ], [ -3.952020312999935, 5.32142205100007 ], [ -3.952051022999967, 5.32140391300004 ], [ -3.952086243999929, 5.32138463800004 ], [ -3.952123159999928, 5.321367621000036 ], [ -3.952153866999936, 5.321347222000043 ], [ -3.952181759999974, 5.32133021900006 ], [ -3.952228532999925, 5.321304707000024 ], [ -3.95228713299997, 5.321267870000042 ], [ -3.952323195999952, 5.321245766000061 ], [ -3.952358415999925, 5.321225926000068 ], [ -3.952419847999977, 5.321196999000051 ], [ -3.95246042399998, 5.321176019000063 ], [ -3.952485498999977, 5.321160716000065 ], [ -3.952515360999939, 5.321140884000044 ], [ -3.952546063999932, 5.321118223000042 ], [ -3.952572251999925, 5.321093308000059 ], [ -3.952600127999972, 5.321065564000037 ], [ -3.952654209999935, 5.321024777000048 ], [ -3.952680401999942, 5.321002123000028 ], [ -3.953048882999951, 5.323139061000063 ], [ -3.953218450999941, 5.324108903000024 ], [ -3.953273391999971, 5.324259761000064 ], [ -3.953293704999965, 5.324448549000067 ], [ -3.953019235999932, 5.326779823000038 ], [ -3.953010291999931, 5.326831847000051 ], [ -3.952932593999947, 5.327285926000059 ], [ -3.952895686999966, 5.327492893000056 ], [ -3.952841238999952, 5.327662576000023 ], [ -3.952338654999949, 5.329096461000063 ], [ -3.955491088999963, 5.330295727000021 ], [ -3.957228370999928, 5.330917150000062 ], [ -3.957845740999971, 5.331135537000023 ], [ -3.958199900999944, 5.331290451000029 ], [ -3.958962577999955, 5.331554967000045 ], [ -3.959648094999977, 5.331708799000069 ], [ -3.960808708999934, 5.331806486000062 ], [ -3.963064481999936, 5.331802960000061 ], [ -3.967661754999938, 5.331795750000026 ], [ -3.967522954999936, 5.333564308000064 ], [ -3.967508859999953, 5.333928400000048 ], [ -3.967510838999942, 5.334652015000074 ], [ -3.96748243199994, 5.335420903000056 ], [ -3.96739112399996, 5.337262313000053 ], [ -3.967460306999953, 5.337342677000038 ], [ -3.968240673999958, 5.338249165000036 ], [ -3.967412598999942, 5.338909639000065 ], [ -3.960925155999973, 5.344480935000036 ], [ -3.956731239999954, 5.345513553000046 ], [ -3.95567178999994, 5.345745857000054 ], [ -3.954988733999926, 5.346281720000036 ], [ -3.954323501999966, 5.346854866000058 ], [ -3.952906482999936, 5.348201418000031 ], [ -3.951491389999944, 5.349520828000038 ], [ -3.950510215999941, 5.35041048000005 ], [ -3.945400225999947, 5.348493996000059 ], [ -3.944544034999979, 5.34852243000006 ] ] ] ] } },
{ "type": "Feature", "properties": { "id": 0.0, "objectid": 1.0, "area": 1356832.093, "commune": "COCODY", "nom_quar": "SIDECI ZOO", "shape_leng": 0.046669032744700002, "shape_area": 0.000110760800168, "commune_id": 4.0 }, "geometry": { "type": "MultiPolygon", "coordinates": [ [ [ [ -3.997007491999966, 5.392964085000074 ], [ -3.997393888999966, 5.389167328000042 ], [ -3.997768468999936, 5.385907080000038 ], [ -3.998055490999946, 5.383779311000069 ], [ -3.998082171999954, 5.383537876000048 ], [ -3.998523893999959, 5.379598569000052 ], [ -3.99855308399998, 5.379339039000058 ], [ -3.998632310999938, 5.378632825000068 ], [ -4.000800426999945, 5.37943541900006 ], [ -4.000965808999979, 5.379505812000048 ], [ -4.001102329999981, 5.379518025000039 ], [ -4.001131703999931, 5.379544547000023 ], [ -4.001234073999967, 5.379540987000041 ], [ -4.001457399999936, 5.379517443000054 ], [ -4.001634688999957, 5.379452705000062 ], [ -4.001860378999936, 5.37932287600006 ], [ -4.002150627999924, 5.379177113000026 ], [ -4.002408468999931, 5.379047231000072 ], [ -4.002401083999928, 5.379015020000054 ], [ -4.003002140999968, 5.378879486000073 ], [ -4.003286984999932, 5.378878453000027 ], [ -4.003464932999975, 5.378871942000046 ], [ -4.003669702999957, 5.378883477000045 ], [ -4.003874498999949, 5.378911406000043 ], [ -4.004078534999962, 5.378991345000031 ], [ -4.00428958699996, 5.379050922000033 ], [ -4.004484835999961, 5.379103740000062 ], [ -4.00467834799997, 5.37912942600002 ], [ -4.004932554999925, 5.379191758000047 ], [ -4.005094176999933, 5.379205060000061 ], [ -4.005244759999925, 5.379193505000046 ], [ -4.005431991999956, 5.379173411000068 ], [ -4.005589591999978, 5.37914149300002 ], [ -4.005715562999967, 5.379083623000042 ], [ -4.005862140999966, 5.379037590000053 ], [ -4.006145986999968, 5.378943845000038 ], [ -4.00645467399994, 5.378692900000033 ], [ -4.006607239999937, 5.378515138000068 ], [ -4.006747526999959, 5.378416541000036 ], [ -4.006858719999968, 5.378290292000031 ], [ -4.006913918999942, 5.37824327900006 ], [ -4.006989978999968, 5.37819001400004 ], [ -4.007089151999935, 5.378129361000049 ], [ -4.007193700999949, 5.378079440000022 ], [ -4.007069341999966, 5.378259417000038 ], [ -4.006976069999951, 5.378478914000027 ], [ -4.006906037999954, 5.378767908000043 ], [ -4.006736645999979, 5.380033935000029 ], [ -4.006456170999968, 5.382179782000037 ], [ -4.006184882999946, 5.384253253000054 ], [ -4.006177082999955, 5.384312059000024 ], [ -4.006083960999945, 5.384966286000065 ], [ -4.005997864999927, 5.385605804000022 ], [ -4.005912441999953, 5.386140171000022 ], [ -4.005887830999939, 5.386609426000064 ], [ -4.005806510999946, 5.387066337000022 ], [ -4.005681897999978, 5.387779410000064 ], [ -4.005586373999961, 5.388516743000025 ], [ -4.005514215999938, 5.389228598000045 ], [ -4.005518912999946, 5.38968423700004 ], [ -4.004398421999952, 5.389694001000066 ], [ -4.002764271999979, 5.393094826000038 ], [ -4.002436879999948, 5.393811625000069 ], [ -3.997007491999966, 5.392964085000074 ] ] ] ] } },
{ "type": "Feature", "properties": { "id": 1.0, "objectid": 2.0, "area": 1048980.33, "commune": "COCODY", "nom_quar": "DEUX PLATEAUX EST", "shape_leng": 0.046873459595, "shape_area": 8.562946406e-05, "commune_id": 4.0 }, "geometry": { "type": "MultiPolygon", "coordinates": [ [ [ [ -3.987640723999959, 5.37204775400005 ], [ -3.988284533999945, 5.372016186000053 ], [ -3.988658873999952, 5.371899689000031 ], [ -3.989158478999968, 5.371812386000045 ], [ -3.989648228999954, 5.371734709000066 ], [ -3.99025357599993, 5.371637059000022 ], [ -3.992110684999943, 5.371627262000061 ], [ -3.992304935999925, 5.371413821000033 ], [ -3.992414365999934, 5.371242351000035 ], [ -3.992598043999976, 5.370944128000076 ], [ -3.992835971999966, 5.37053331900006 ], [ -3.992959939999935, 5.370109692000028 ], [ -3.993133611999951, 5.369727252000075 ], [ -3.993266124999934, 5.369355621000068 ], [ -3.993302525999979, 5.369019196000067 ], [ -3.993554736999954, 5.368199071000049 ], [ -3.99356340099996, 5.368150439000033 ], [ -3.994125223999959, 5.368695626000033 ], [ -3.994410321999965, 5.368853452000053 ], [ -3.994594492999965, 5.369382293000058 ], [ -3.994638613999939, 5.369807907000052 ], [ -3.994727137999973, 5.370659136000029 ], [ -3.994804060999968, 5.371138969000071 ], [ -3.995050030999948, 5.373949908000043 ], [ -3.996092551999936, 5.374917168000025 ], [ -3.998438997999926, 5.374918423000054 ], [ -3.998450624999975, 5.375997035000069 ], [ -3.998408531999928, 5.376300115000049 ], [ -3.998353063999957, 5.376529161000065 ], [ -3.998234091999961, 5.376728348000029 ], [ -3.998108353999953, 5.376929242000074 ], [ -3.997983371999965, 5.377075299000069 ], [ -3.997915854999974, 5.377179428000034 ], [ -3.997737929999971, 5.377373059000035 ], [ -3.997396351999953, 5.37769189200003 ], [ -3.997420692999981, 5.377744993000022 ], [ -3.99414943599993, 5.381024667000077 ], [ -3.993757270999936, 5.381455515000027 ], [ -3.993610530999945, 5.381750852000039 ], [ -3.993488347999971, 5.382058585000038 ], [ -3.99310103199997, 5.385306419000074 ], [ -3.991180003999943, 5.385055717000057 ], [ -3.991254090999973, 5.384653653000044 ], [ -3.991315113999974, 5.384195644000044 ], [ -3.991339250999943, 5.383774440000025 ], [ -3.991240218999963, 5.383750293000048 ], [ -3.991193133999957, 5.383410046000051 ], [ -3.991155464999963, 5.383137622000049 ], [ -3.991120097999953, 5.382544658000029 ], [ -3.991100007999933, 5.382155184000055 ], [ -3.991023220999978, 5.381760150000048 ], [ -3.990998899999965, 5.381195433000073 ], [ -3.990917348999972, 5.380993746000058 ], [ -3.990761503999977, 5.380716426000049 ], [ -3.990670144999967, 5.38055319700004 ], [ -3.990570014999946, 5.380372457000021 ], [ -3.990472670999964, 5.380170795000026 ], [ -3.99026285399998, 5.37982855100006 ], [ -3.990065614999935, 5.379416187000061 ], [ -3.98997501499997, 5.379198685000063 ], [ -3.989814923999973, 5.37891176100004 ], [ -3.98955366399997, 5.378498370000045 ], [ -3.989376761999949, 5.378104627000027 ], [ -3.989228461999971, 5.377783765000061 ], [ -3.989098963999936, 5.377579329000071 ], [ -3.988600068999972, 5.376885357000049 ], [ -3.98835739499998, 5.376629093000076 ], [ -3.987967420999951, 5.376145809000036 ], [ -3.987869543999977, 5.375786988000073 ], [ -3.98772149499996, 5.37527052400003 ], [ -3.987648963999959, 5.374889049000046 ], [ -3.987694411999939, 5.37456448000006 ], [ -3.987688652999964, 5.374315748000072 ], [ -3.987746391999963, 5.373567734000062 ], [ -3.98743372499996, 5.373278795000033 ], [ -3.987739672999965, 5.37254733900005 ], [ -3.987650095999925, 5.372088442000063 ], [ -3.987640723999959, 5.37204775400005 ] ] ] ] } },
{ "type": "Feature", "properties": { "id": 2.0, "objectid": 3.0, "area": 1343740.762, "commune": "COCODY", "nom_quar": "AGBAN GENDARMERIE", "shape_leng": 0.045434099787999997, "shape_area": 0.000109687028394, "commune_id": 4.0 }, "geometry": { "type": "MultiPolygon", "coordinates": [ [ [ [ -4.004551492999951, 5.363482734000058 ], [ -4.004539135999948, 5.361097672000028 ], [ -4.004181551999977, 5.361106739000036 ], [ -4.003658468999959, 5.361142646000076 ], [ -4.003632421999953, 5.361081069000022 ], [ -4.003626251999947, 5.360929009000074 ], [ -4.003923893999968, 5.360653210000066 ], [ -4.004110106999974, 5.360530230000052 ], [ -4.004464205999966, 5.360460115000024 ], [ -4.004416549999974, 5.360290598000063 ], [ -4.004450414999951, 5.360131687000035 ], [ -4.004446410999947, 5.359924787000068 ], [ -4.00449987099995, 5.359677089000058 ], [ -4.004520940999953, 5.359281331000034 ], [ -4.004631639999957, 5.359027321000042 ], [ -4.004722465999976, 5.358864926000024 ], [ -4.004786476999925, 5.358687876000033 ], [ -4.004841185999965, 5.358513668000057 ], [ -4.004951614999925, 5.358267007000052 ], [ -4.005028906999939, 5.358106330000055 ], [ -4.005168699999956, 5.357880538000074 ], [ -4.005296940999926, 5.357660984000063 ], [ -4.005462579999971, 5.357374095000068 ], [ -4.005578496999931, 5.357207136000056 ], [ -4.005688947999943, 5.356974043000037 ], [ -4.005774258999963, 5.356715552000026 ], [ -4.005762962999938, 5.356533538000065 ], [ -4.005821943999933, 5.356212905000064 ], [ -4.00584278599996, 5.35585106700006 ], [ -4.00590952899995, 5.355793295000069 ], [ -4.006332390999944, 5.355349956000055 ], [ -4.006575342999952, 5.355088944000045 ], [ -4.006780852999952, 5.354868698000075 ], [ -4.007202714999949, 5.354849349000062 ], [ -4.007572116999938, 5.354826695000042 ], [ -4.00804418499996, 5.354812351000021 ], [ -4.008377199999927, 5.35478523300003 ], [ -4.008838182999966, 5.354718332000061 ], [ -4.009287637999932, 5.354671801000052 ], [ -4.009545626999966, 5.354639153000051 ], [ -4.009924579999961, 5.354593869000041 ], [ -4.010184808999952, 5.35455160600003 ], [ -4.010634537999977, 5.354500552000047 ], [ -4.01093842399996, 5.354424863000077 ], [ -4.011230800999954, 5.35438141700007 ], [ -4.011651130999951, 5.354288576000044 ], [ -4.012154041999963, 5.354165637000051 ], [ -4.012729994999972, 5.354043708000063 ], [ -4.013080067999965, 5.353929501000039 ], [ -4.013576223999962, 5.353815617000066 ], [ -4.013661619999937, 5.353782687000034 ], [ -4.013647462999927, 5.353919518000055 ], [ -4.013648476999947, 5.35402183900004 ], [ -4.013659375999964, 5.354132623000055 ], [ -4.013685098999929, 5.354340052000055 ], [ -4.013712452999926, 5.354510733000041 ], [ -4.013772425999946, 5.354794988000037 ], [ -4.013853990999962, 5.355004586000064 ], [ -4.014023400999974, 5.355298271000038 ], [ -4.014059669999938, 5.355402230000038 ], [ -4.014075007999963, 5.355468912000049 ], [ -4.014108361999945, 5.355515213000047 ], [ -4.014236884999946, 5.355640501000039 ], [ -4.014292835999925, 5.355708246000063 ], [ -4.014338098999929, 5.355794099000036 ], [ -4.014366434999943, 5.356046750000075 ], [ -4.014404452999941, 5.35618518900003 ], [ -4.014416368999946, 5.356228134000048 ], [ -4.014527933999943, 5.356502128000045 ], [ -4.014608542999952, 5.35664502000003 ], [ -4.014708040999949, 5.35678335800003 ], [ -4.014724224999952, 5.356850039000051 ], [ -4.014719792999927, 5.356898663000038 ], [ -4.014719856999932, 5.356937105000043 ], [ -4.014717407999967, 5.356991379000021 ], [ -4.01472199899996, 5.357038859000056 ], [ -4.014731128999927, 5.357103290000055 ], [ -4.014769139999942, 5.357237207000026 ], [ -4.015014672999939, 5.357859215000076 ], [ -4.015140925999958, 5.35831747800006 ], [ -4.015443024999968, 5.358696305000024 ], [ -4.015669105999962, 5.35898028500003 ], [ -4.016516426999942, 5.360092554000062 ], [ -4.016565245999971, 5.360111129000074 ], [ -4.016606795999962, 5.360167591000049 ], [ -4.016661266999961, 5.360363666000069 ], [ -4.016722333999951, 5.360625872000071 ], [ -4.016752333999932, 5.360860994000063 ], [ -4.016746429999955, 5.361042471000076 ], [ -4.016770119999933, 5.361213722000059 ], [ -4.016834031999963, 5.361661347000052 ], [ -4.016829194999957, 5.361976237000022 ], [ -4.01676834899996, 5.362359623000032 ], [ -4.016696011999954, 5.362786558000039 ], [ -4.016753103999974, 5.36286165000007 ], [ -4.016840735999949, 5.362986439000053 ], [ -4.016880590999961, 5.363041209000073 ], [ -4.016849922999938, 5.363084789000027 ], [ -4.016810288999977, 5.363163434000057 ], [ -4.016638640999929, 5.363565660000063 ], [ -4.016563080999958, 5.363748383000029 ], [ -4.016538921999938, 5.363805520000028 ], [ -4.016028051999967, 5.365087943000049 ], [ -4.014289192999968, 5.365128139000035 ], [ -4.014061052999978, 5.365136432000043 ], [ -4.013953646999937, 5.365162049000048 ], [ -4.013841486999979, 5.365213114000028 ], [ -4.013757416999965, 5.36519572800006 ], [ -4.013550377999934, 5.365172893000022 ], [ -4.013330025999949, 5.365115031000073 ], [ -4.013173663999964, 5.365040102000023 ], [ -4.012989231999939, 5.364873639000052 ], [ -4.012834122999948, 5.364703170000041 ], [ -4.012654435999934, 5.36450730200005 ], [ -4.012397470999929, 5.364478896000037 ], [ -4.010012623999955, 5.364247100000057 ], [ -4.009958639999979, 5.364346685000044 ], [ -4.009932816999935, 5.364421350000043 ], [ -4.009952632999955, 5.364467108000042 ], [ -4.010241976999964, 5.364805821000061 ], [ -4.010010612999963, 5.36508264400004 ], [ -4.005720955999948, 5.365164898000046 ], [ -4.00647258999993, 5.363646912000036 ], [ -4.004551492999951, 5.363482734000058 ] ] ] ] } },
{ "type": "Feature", "properties": { "id": 3.0, "objectid": 4.0, "area": 547284.628, "commune": "COCODY", "nom_quar": "E.N.A", "shape_leng": 0.027630598495, "shape_area": 4.4674025512999997e-05, "commune_id": 4.0 }, "geometry": { "type": "MultiPolygon", "coordinates": [ [ [ [ -3.99389563099993, 5.362227031000032 ], [ -3.993859444999941, 5.36164933200007 ], [ -3.993836196999951, 5.360701326000026 ], [ -3.994131465999942, 5.360524466000072 ], [ -3.99414980399996, 5.360353710000027 ], [ -3.994198489999974, 5.359592143000043 ], [ -3.994321960999969, 5.358512745000041 ], [ -3.994296745999975, 5.356171791000065 ], [ -3.995153377999941, 5.355740757000035 ], [ -3.99590238299993, 5.355374343000051 ], [ -3.996653142999946, 5.354873379000026 ], [ -3.998059085999955, 5.354063248000045 ], [ -3.998271495999973, 5.354095691000055 ], [ -3.998631372999967, 5.354112064000049 ], [ -3.998940533999928, 5.354156786000033 ], [ -3.999183965999975, 5.354189743000063 ], [ -3.999407322999957, 5.354190510000024 ], [ -3.999689391999937, 5.354223969000032 ], [ -4.000043984999934, 5.354285576000052 ], [ -4.00028690399995, 5.354350191000037 ], [ -4.000568746999932, 5.35441756900002 ], [ -4.000736871999948, 5.354444996000041 ], [ -4.000948164999954, 5.354484223000043 ], [ -4.001103026999942, 5.354506583000045 ], [ -4.001494753999964, 5.354511596000066 ], [ -4.001693342999943, 5.354542930000036 ], [ -4.001408677999962, 5.357074332000025 ], [ -4.001358381999978, 5.357534585000053 ], [ -4.001281073999962, 5.357859205000068 ], [ -4.001187203999962, 5.358058351000068 ], [ -4.001112181999929, 5.358228069000063 ], [ -4.001026335999939, 5.358331663000058 ], [ -4.000796218999938, 5.358510680000052 ], [ -4.000524410999958, 5.358718597000063 ], [ -4.00028274999994, 5.358908939000059 ], [ -4.000117112999931, 5.359025100000053 ], [ -3.999816538999937, 5.359233063000033 ], [ -3.999497977999965, 5.359479498000042 ], [ -3.999301632999959, 5.359615495000071 ], [ -3.998933496999939, 5.359898756000064 ], [ -3.998553737999941, 5.360145855000042 ], [ -3.998246961999939, 5.360355523000067 ], [ -3.998001322999926, 5.360528346000024 ], [ -3.997842, 5.360712901000056 ], [ -3.997682757999939, 5.360947203000023 ], [ -3.997572887999979, 5.361193296000067 ], [ -3.99751178799994, 5.361427438000021 ], [ -3.997470249999935, 5.361724865000042 ], [ -3.99746423199997, 5.362535544000025 ], [ -3.994418053999937, 5.362478316000022 ], [ -3.994247904999952, 5.362421495000035 ], [ -3.993926684999963, 5.362246767000045 ], [ -3.99389563099993, 5.362227031000032 ] ] ] ] } },
{ "type": "Feature", "properties": { "id": 41.0, "objectid": 42.0, "area": 47748248.342, "commune": "COCODY", "nom_quar": "DJOROGOBITE I", "shape_leng": 0.33913226249400003, "shape_area": 0.0038980727604700002, "commune_id": 4.0 }, "geometry": { "type": "MultiPolygon", "coordinates": [ [ [ [ -3.908203500999946, 5.373550065000074 ], [ -3.911010585999975, 5.373864329000071 ], [ -3.913994670999955, 5.37445785400007 ], [ -3.916903508999951, 5.37460298700006 ], [ -3.920520572999976, 5.374560167000027 ], [ -3.923055945999977, 5.374332094000067 ], [ -3.925963422999928, 5.373580210000057 ], [ -3.92849799399994, 5.372828880000043 ], [ -3.932194144999926, 5.371830565000039 ], [ -3.933312740999952, 5.375699329000042 ], [ -3.939432840999928, 5.374016355000037 ], [ -3.942878260999976, 5.388242217000027 ], [ -3.949290591999954, 5.387185787000021 ], [ -3.949877722999929, 5.381055581000055 ], [ -3.953207678999945, 5.378419811000072 ], [ -3.953678385999979, 5.379180963000067 ], [ -3.954868163999947, 5.376936681000075 ], [ -3.956057118999979, 5.374169167000048 ], [ -3.960237284999948, 5.376554516000056 ], [ -3.962913797999931, 5.371243248000042 ], [ -3.964596399999948, 5.371879883000076 ], [ -3.966778236999971, 5.378766710000036 ], [ -3.970104722999963, 5.378140970000061 ], [ -3.976203188999932, 5.392361279000056 ], [ -3.970302506999928, 5.394688071000076 ], [ -3.969979095999975, 5.398569732000055 ], [ -3.973032972999931, 5.401867948000074 ], [ -3.974189408999962, 5.403682798000034 ], [ -3.973374818999957, 5.409547104000069 ], [ -3.973633500999938, 5.416730925000024 ], [ -3.969765963999976, 5.419957654000029 ], [ -3.96083983699998, 5.428848995000067 ], [ -3.968942548999962, 5.446094749000054 ], [ -3.975178464999942, 5.449752630000035 ], [ -3.96813702399993, 5.464228530000071 ], [ -3.967567348999978, 5.465347658000042 ], [ -3.967453592999959, 5.465120581000065 ], [ -3.967216020999956, 5.464725237000039 ], [ -3.966899879999971, 5.464409165000063 ], [ -3.966188815999942, 5.464252018000025 ], [ -3.962161226999967, 5.463941900000066 ], [ -3.959950125999967, 5.463787146000072 ], [ -3.958370857999967, 5.463631376000023 ], [ -3.957107191999967, 5.46363339100003 ], [ -3.956448335999937, 5.463491412000053 ], [ -3.956423509999979, 5.463488625000025 ], [ -3.956388530999959, 5.463487550000025 ], [ -3.95632365299997, 5.463485958000035 ], [ -3.956264698999973, 5.463484921000031 ], [ -3.956197001999953, 5.463484463000043 ], [ -3.956151304999935, 5.463483405000034 ], [ -3.956089528999939, 5.46348180800004 ], [ -3.956040387999963, 5.463442878000023 ], [ -3.95602680099995, 5.463412938000033 ], [ -3.956001612999955, 5.463359837000041 ], [ -3.955981824999981, 5.463332733000072 ], [ -3.955949361999956, 5.463316956000028 ], [ -3.955894925999928, 5.463319303000048 ], [ -3.955858821999925, 5.463319926000054 ], [ -3.955824650999944, 5.463293976000045 ], [ -3.955787358999942, 5.463256723000029 ], [ -3.955766969999956, 5.463206442000057 ], [ -3.955730495999944, 5.463151098000026 ], [ -3.955719425999973, 5.463107586000035 ], [ -3.955707720999953, 5.463018848000047 ], [ -3.955695740999943, 5.462934634000021 ], [ -3.955660605999981, 5.462834627000063 ], [ -3.955635684999947, 5.462772481000059 ], [ -3.955617022999945, 5.462743679000027 ], [ -3.955588456999976, 5.462695106000069 ], [ -3.955555136999976, 5.462672546000022 ], [ -3.955502663999937, 5.462666976000037 ], [ -3.955473048999977, 5.462668719000021 ], [ -3.955431284999975, 5.462657479000029 ], [ -3.955368324999938, 5.462620268000023 ], [ -3.95532822399997, 5.462590369000054 ], [ -3.95529518099994, 5.462564417000067 ], [ -3.955253945999971, 5.46253056300003 ], [ -3.955233865999958, 5.462497241000051 ], [ -3.95521092499996, 5.462438483000028 ], [ -3.955199863999951, 5.462400059000061 ], [ -3.955191647999925, 5.462377459000038 ], [ -3.955163939999977, 5.462336234000077 ], [ -3.955152330999965, 5.462307986000042 ], [ -3.955135660999929, 5.462290488000065 ], [ -3.95511221199996, 5.462266781000039 ], [ -3.955103711999925, 5.46224305100003 ], [ -3.955096860999959, 5.46219161700003 ], [ -3.95506716899996, 5.462144177000027 ], [ -3.95503582799995, 5.462124441000071 ], [ -3.955015214999946, 5.462110340000038 ], [ -3.955006151999953, 5.462087176000068 ], [ -3.954998197999942, 5.462051573000053 ], [ -3.954985436999948, 5.462009194000075 ], [ -3.954968484999938, 5.461991131000048 ], [ -3.95496787999997, 5.461965692000035 ], [ -3.954961055999945, 5.461931218000075 ], [ -3.954948832999946, 5.461871313000074 ], [ -3.954918332999966, 5.461848183000029 ], [ -3.954899645999944, 5.461804117000042 ], [ -3.954877572999976, 5.461758361000022 ], [ -3.954866233999951, 5.461723329000051 ], [ -3.954852089999974, 5.461697346000051 ], [ -3.954839920999973, 5.461671926000065 ], [ -3.954817569999932, 5.461628997000048 ], [ -3.954803685999934, 5.461590011000055 ], [ -3.954799395999942, 5.461552141000027 ], [ -3.954802653999934, 5.461472425000068 ], [ -3.954775542999926, 5.461451551000039 ], [ -3.954802573999928, 5.461421546000054 ], [ -3.954795757999932, 5.461392160000059 ], [ -3.954783580999958, 5.461361652000051 ], [ -3.954730785999971, 5.461331208000047 ], [ -3.954665567999939, 5.461293435000073 ], [ -3.954613625999968, 5.46126694700007 ], [ -3.954580318999945, 5.461252867000042 ], [ -3.954540815999962, 5.461243884000055 ], [ -3.954519584999957, 5.461195865000036 ], [ -3.954508248999957, 5.461162529000035 ], [ -3.954493230999958, 5.461119023000037 ], [ -3.954477102999931, 5.461087390000046 ], [ -3.95446211999996, 5.461066497000047 ], [ -3.954433852999955, 5.461028100000021 ], [ -3.954415473999973, 5.460999862000051 ], [ -3.954400202999977, 5.460975012000063 ], [ -3.954372233999948, 5.460946790000037 ], [ -3.954335807999939, 5.46092197400003 ], [ -3.954312622999964, 5.460886961000028 ], [ -3.954261838999969, 5.460879692000049 ], [ -3.954216416999941, 5.460874111000066 ], [ -3.954185950999943, 5.460872463000044 ], [ -3.954160280999929, 5.460871373000032 ], [ -3.954109764999941, 5.460854494000046 ], [ -3.954078145999972, 5.460837584000046 ], [ -3.954045122999958, 5.460824069000068 ], [ -3.954024493999952, 5.460800358000029 ], [ -3.953983570999981, 5.460785159000068 ], [ -3.953951973999949, 5.460781817000054 ], [ -3.953913887999931, 5.460777355000062 ], [ -3.95388509999998, 5.460766659000058 ], [ -3.953852900999948, 5.460739575000048 ], [ -3.953841845999932, 5.460705107000024 ], [ -3.953814737999949, 5.460686495000061 ], [ -3.953781410999966, 5.460659412000041 ], [ -3.953743305999978, 5.460642513000039 ], [ -3.953714805999937, 5.460635774000025 ], [ -3.953685743999927, 5.460630167000033 ], [ -3.953653576999955, 5.460622869000076 ], [ -3.953628745999936, 5.460617255000045 ], [ -3.953591512999935, 5.460617314000046 ], [ -3.95356611699998, 5.460611135000022 ], [ -3.953538716999958, 5.460585739000066 ], [ -3.953508493999948, 5.460559782000075 ], [ -3.953465617999939, 5.460558720000051 ], [ -3.953404127999931, 5.460558817000049 ], [ -3.953358690999949, 5.460543625000071 ], [ -3.953333559999976, 5.460526705000063 ], [ -3.953317162999952, 5.46050298800003 ], [ -3.953299641999934, 5.46048266400004 ], [ -3.953279858999963, 5.460457821000034 ], [ -3.953248794999979, 5.460434692000035 ], [ -3.953215200999978, 5.460417220000068 ], [ -3.953187817999947, 5.460403130000032 ], [ -3.953150556999958, 5.460385099000064 ], [ -3.953115815999979, 5.460355757000059 ], [ -3.953081085999941, 5.460333199000047 ], [ -3.953052563999961, 5.460312327000054 ], [ -3.953023160999976, 5.460268844000041 ], [ -3.953016910999963, 5.460241153000027 ], [ -3.953009239999972, 5.460206114000073 ], [ -3.952988300999948, 5.460164314000053 ], [ -3.952958357999933, 5.460136095000053 ], [ -3.952936901999976, 5.460124257000075 ], [ -3.952912606999973, 5.460100552000029 ], [ -3.952881739999953, 5.460023716000023 ], [ -3.952867836999928, 5.459971728000028 ], [ -3.952845780999951, 5.459937278000041 ], [ -3.952823729999977, 5.459905655000057 ], [ -3.952807879999966, 5.459871195000062 ], [ -3.95277933999995, 5.459839017000036 ], [ -3.95274375799994, 5.459812503000023 ], [ -3.952720884999962, 5.459796710000035 ], [ -3.952705868999942, 5.459754334000024 ], [ -3.95267507799997, 5.459725552000066 ], [ -3.952663470999937, 5.459699 ], [ -3.952634923999938, 5.459661733000075 ], [ -3.952623007999932, 5.459618222000074 ], [ -3.952612506999969, 5.459576970000057 ], [ -3.952578578999976, 5.459526710000034 ], [ -3.952549766999937, 5.459500185000024 ], [ -3.952538349999941, 5.459415404000026 ], [ -3.952527004999979, 5.459375849000025 ], [ -3.952516232999926, 5.459341947000041 ], [ -3.95236491199995, 5.459257388000026 ], [ -3.952327958999945, 5.459256315000061 ], [ -3.952280289999976, 5.459256391000054 ], [ -3.952240789999962, 5.459249670000077 ], [ -3.952212317999965, 5.459260456000038 ], [ -3.952189733999944, 5.459248620000039 ], [ -3.952176422999969, 5.459214721000023 ], [ -3.952178069999945, 5.459185322000053 ], [ -3.952174043999946, 5.459136710000053 ], [ -3.952170302999946, 5.459089794000022 ], [ -3.952151349999951, 5.459055339000031 ], [ -3.952083886999958, 5.459024353000075 ], [ -3.952042960999961, 5.459007458000031 ], [ -3.952003436999973, 5.458985473000041 ], [ -3.951963067999941, 5.458964620000074 ], [ -3.951924386999963, 5.458940372000029 ], [ -3.95186965299996, 5.458931979000056 ], [ -3.951848191999943, 5.458916749000025 ], [ -3.951825557999939, 5.458873254000025 ], [ -3.951810814999931, 5.458825225000055 ], [ -3.95179722499995, 5.458793023000055 ], [ -3.951797178999925, 5.458764191000057 ], [ -3.951790930999948, 5.458737066000026 ], [ -3.951774522999926, 5.458706564000067 ], [ -3.951754730999937, 5.458676633000039 ], [ -3.951719462999961, 5.458670470000072 ], [ -3.951700507999931, 5.458634885000038 ], [ -3.951696800999969, 5.458608886000036 ], [ -3.951699561999931, 5.458571004000021 ], [ -3.951652406999926, 5.458539421000069 ], [ -3.951640759999975, 5.458487429000058 ], [ -3.951632533999941, 5.458458045000043 ], [ -3.951621177999925, 5.458411706000049 ], [ -3.951608415999942, 5.458368196000038 ], [ -3.951599055999964, 5.458334857000068 ], [ -3.951585460999979, 5.458299828000065 ], [ -3.951553807999971, 5.45826087100005 ], [ -3.951506679999966, 5.458246247000034 ], [ -3.951468058999978, 5.458259876000056 ], [ -3.95143732899993, 5.45827010000005 ], [ -3.951393035999956, 5.458264517000032 ], [ -3.951366762999953, 5.458238554000047 ], [ -3.951344161999941, 5.458215976000076 ], [ -3.95130345299998, 5.458157812000024 ], [ -3.951282823999975, 5.458133536000048 ], [ -3.951253720999944, 5.458101923000072 ], [ -3.951236485999971, 5.458083295000051 ], [ -3.951206795999951, 5.458036985000035 ], [ -3.95118221499996, 5.458011019000025 ], [ -3.951157071999944, 5.457986184000049 ], [ -3.951128006999966, 5.457978316000037 ], [ -3.95108739099993, 5.457979511000076 ], [ -3.95106143199996, 5.457973899000024 ], [ -3.951048705999938, 5.457953002000067 ], [ -3.951044967999962, 5.457907781000074 ], [ -3.95103138199994, 5.457877841000027 ], [ -3.951011586999925, 5.457846214000028 ], [ -3.951001393999945, 5.457821355000021 ], [ -3.950992285999973, 5.457769360000043 ], [ -3.950940053999943, 5.457737784000074 ], [ -3.950907629999961, 5.457746880000059 ], [ -3.95086247699993, 5.457732819000057 ], [ -3.95086777299997, 5.457692107000071 ], [ -3.95088211999996, 5.457667775000061 ], [ -3.95090378499998, 5.457633821000059 ], [ -3.950899205999974, 5.457591429000047 ], [ -3.95086218299997, 5.457545696000068 ], [ -3.950826851999977, 5.45749939500007 ], [ -3.950823964999927, 5.457457566000073 ], [ -3.950811206999958, 5.457416317000025 ], [ -3.950801297999931, 5.457392589000051 ], [ -3.950779505999947, 5.457346832000042 ], [ -3.950797508999926, 5.457315145000052 ], [ -3.95083808399994, 5.457287945000076 ], [ -3.950858930999971, 5.457271518000027 ], [ -3.950883129999966, 5.45723416800007 ], [ -3.950893219999955, 5.457193449000044 ], [ -3.950889461999964, 5.457135791000042 ], [ -3.950863199999958, 5.45711661200005 ], [ -3.950834387999976, 5.457090652000034 ], [ -3.950807260999966, 5.457059602000072 ], [ -3.950763783999946, 5.457034797000063 ], [ -3.950736679999977, 5.457018445000074 ], [ -3.950693198999943, 5.456991378000055 ], [ -3.950680749999947, 5.456967089000045 ], [ -3.95065447099995, 5.456937733000075 ], [ -3.950612989999968, 5.456926492000036 ], [ -3.950565010999981, 5.456909043000053 ], [ -3.95055677299996, 5.456872310000051 ], [ -3.950537821999944, 5.456838420000054 ], [ -3.950504501999944, 5.456815860000063 ], [ -3.95045732799997, 5.456771839000055 ], [ -3.950454715999967, 5.456724921000045 ], [ -3.950455504999979, 5.456688739000072 ], [ -3.950427548999926, 5.456668996000076 ], [ -3.950383236999926, 5.456651541000042 ], [ -3.950336123999932, 5.456646528000022 ], [ -3.950297474999957, 5.456642631000022 ], [ -3.950292039999965, 5.456594587000041 ], [ -3.950289145999932, 5.45654767000002 ], [ -3.950270157999967, 5.456490602000031 ], [ -3.950255702999925, 5.456446529000061 ], [ -3.950251955999931, 5.456395656000041 ], [ -3.950225651999972, 5.456349906000071 ], [ -3.950192344999948, 5.45633526000006 ], [ -3.950136218999944, 5.456338175000042 ], [ -3.950087369999949, 5.456305463000035 ], [ -3.950081083999976, 5.456254029000036 ], [ -3.950083862999975, 5.456228019000037 ], [ -3.950096236999968, 5.456204256000035 ], [ -3.950103498999965, 5.456158453000057 ], [ -3.950108807999925, 5.456126786000027 ], [ -3.95011412499997, 5.456099642000027 ], [ -3.950148463999938, 5.456053231000055 ], [ -3.950142213999925, 5.456024975000048 ], [ -3.950107764999927, 5.456001851000053 ], [ -3.950071639999976, 5.455988340000033 ], [ -3.95004737499994, 5.455983856000046 ], [ -3.950012945999958, 5.45597316900006 ], [ -3.949970588999975, 5.455943273000059 ], [ -3.949957855999969, 5.455917854000063 ], [ -3.949948765999977, 5.455877165000061 ], [ -3.94997580699993, 5.455853378000029 ], [ -3.950014435999947, 5.455844272000036 ], [ -3.950061468999934, 5.455798406000042 ], [ -3.950069603999964, 5.455770127000051 ], [ -3.950071227999956, 5.455726594000055 ], [ -3.949984547999975, 5.455671895000023 ], [ -3.94995545699993, 5.455647632000023 ], [ -3.949952014999951, 5.455611456000042 ], [ -3.949948307999932, 5.455586022000034 ], [ -3.949952782999958, 5.455561706000026 ], [ -3.949979845999962, 5.455551488000026 ], [ -3.950001545999953, 5.455539581000039 ], [ -3.950008551999929, 5.455510739000033 ], [ -3.949988752999957, 5.455476285000032 ], [ -3.949962512999946, 5.455471239000076 ], [ -3.949955136999961, 5.455444114000045 ], [ -3.949953375999939, 5.455400587000042 ], [ -3.949958673999959, 5.455361571000026 ], [ -3.949962257999971, 5.455308990000049 ], [ -3.949981089999937, 5.45526656100003 ], [ -3.949998248999975, 5.455236572000047 ], [ -3.950010047999967, 5.455206025000052 ], [ -3.950010836999979, 5.455169843000022 ], [ -3.95000712999996, 5.45514440900007 ], [ -3.949975493999943, 5.455115628000044 ], [ -3.949959098999955, 5.455093606000048 ], [ -3.94994098899997, 5.455056888000058 ], [ -3.949885130999974, 5.455051323000021 ], [ -3.949863368999956, 5.455023656000037 ], [ -3.949839083999962, 5.455006170000047 ], [ -3.949806617999968, 5.454988130000061 ], [ -3.949786525999968, 5.454946893000056 ], [ -3.94974590299995, 5.454943 ], [ -3.949708143999942, 5.454966803000048 ], [ -3.949653151999939, 5.454974239000023 ], [ -3.949607970999978, 5.45494152200007 ], [ -3.949584232999939, 5.454913293000061 ], [ -3.949557111999979, 5.454886200000033 ], [ -3.949533676999977, 5.454870973000027 ], [ -3.949502027999927, 5.454834842000025 ], [ -3.94947487099995, 5.454784571000062 ], [ -3.949460415999965, 5.454739933000042 ], [ -3.949445973999957, 5.454703775000041 ], [ -3.949388943999963, 5.454670511000074 ], [ -3.94936269599998, 5.454660376000049 ], [ -3.949339269999939, 5.45465080200006 ], [ -3.949314921999928, 5.454593743000032 ], [ -3.949311174999934, 5.454542304000029 ], [ -3.949311124999952, 5.454510646000074 ], [ -3.949312760999931, 5.454474462000064 ], [ -3.949325389999956, 5.454434304000074 ], [ -3.949322730999938, 5.454357424000023 ], [ -3.949321502999965, 5.454294109000045 ], [ -3.949311565999949, 5.454252856000039 ], [ -3.94928811799997, 5.454229149000071 ], [ -3.949260150999976, 5.454202058000021 ], [ -3.94921581899996, 5.454171600000052 ], [ -3.949193236999974, 5.45416089500003 ], [ -3.949162489999935, 5.454159812000057 ], [ -3.949133699999948, 5.454147421000073 ], [ -3.949102919999973, 5.454125421000072 ], [ -3.949075815999947, 5.454109070000072 ], [ -3.94904870199997, 5.454086499000027 ], [ -3.949034261999941, 5.45405147200006 ], [ -3.949034223999945, 5.454027163000035 ], [ -3.949014151999961, 5.453998363000039 ], [ -3.94899275299997, 5.454022706000046 ], [ -3.948960062999959, 5.454041413000027 ], [ -3.948918610999954, 5.454048828000055 ], [ -3.948887028999934, 5.454054531000054 ], [ -3.948850086999926, 5.454059677000032 ], [ -3.948820162999937, 5.454043895000041 ], [ -3.948825756999952, 5.454013924000037 ], [ -3.948857300999975, 5.453983912000069 ], [ -3.948891400999969, 5.45396463700007 ], [ -3.948895870999934, 5.453937494000058 ], [ -3.948894974999973, 5.453905272000043 ], [ -3.948874054999976, 5.45387534200006 ], [ -3.948859628999969, 5.453849360000049 ], [ -3.948846902999946, 5.453828463000036 ], [ -3.948830763999979, 5.453789481000058 ], [ -3.948801684999978, 5.453772567000044 ], [ -3.948761059999981, 5.453768108000077 ], [ -3.948729434999962, 5.453746111000044 ], [ -3.948696996999956, 5.453746162000073 ], [ -3.948660901999972, 5.453751872000055 ], [ -3.948636655999962, 5.453759259000037 ], [ -3.94856608799995, 5.453726582000058 ], [ -3.94858043399995, 5.453701119000073 ], [ -3.948597610999968, 5.453683002000048 ], [ -3.948629169999947, 5.453662035000036 ], [ -3.948633603999951, 5.453611714000033 ], [ -3.948603934999937, 5.453578972000059 ], [ -3.94859938299993, 5.45355353900004 ], [ -3.948583808999956, 5.453515121000066 ], [ -3.948565713999926, 5.453488014000072 ], [ -3.948542280999959, 5.453474483000036 ], [ -3.948516, 5.453442866000046 ], [ -3.948501583999928, 5.453423668000028 ], [ -3.948480680999978, 5.453403915000024 ], [ -3.948451010999975, 5.453370607000068 ], [ -3.948411249999936, 5.453376888000037 ], [ -3.94836522199995, 5.453344172000072 ], [ -3.948360651999963, 5.453307998000071 ], [ -3.948359744999948, 5.453268992000062 ], [ -3.948360542999978, 5.453238463000048 ], [ -3.948356805999936, 5.453193243000044 ], [ -3.948336994999977, 5.453150874000073 ], [ -3.948315183999966, 5.453092680000054 ], [ -3.948288899999966, 5.453059367000037 ], [ -3.948269946999972, 5.453024347000053 ], [ -3.948227347999932, 5.453019891000054 ], [ -3.948168672999941, 5.453016026000057 ], [ -3.948152624999977, 5.453035273000069 ], [ -3.94811285399993, 5.453035335000038 ], [ -3.94808119399994, 5.452991290000057 ], [ -3.948081972999944, 5.452948324000033 ], [ -3.948071191999929, 5.452908768000043 ], [ -3.948053940999955, 5.452879963000044 ], [ -3.94805219999995, 5.45284887300005 ], [ -3.948060040999962, 5.452812680000022 ], [ -3.948046443999942, 5.45277595500005 ], [ -3.94803649399995, 5.452726222000024 ], [ -3.948014722999972, 5.452692902000024 ], [ -3.947996641999964, 5.452674840000043 ], [ -3.947978563999925, 5.452658474000032 ], [ -3.947957103999954, 5.452643244000058 ], [ -3.947892728999932, 5.452602642000045 ], [ -3.947862231999977, 5.452580642000044 ], [ -3.947839554999973, 5.452509446000022 ], [ -3.94784204399997, 5.452477784000052 ], [ -3.947846511999956, 5.452448946000061 ], [ -3.94786359099993, 5.452368077000074 ], [ -3.947855349999941, 5.452329082000062 ], [ -3.947833584999955, 5.452299720000042 ], [ -3.94786060499996, 5.452262365000024 ], [ -3.94789587899993, 5.452272486000027 ], [ -3.947926652999968, 5.452291093000042 ], [ -3.947972647999961, 5.452302893000024 ], [ -3.947988127999963, 5.452281386000038 ], [ -3.947972539999967, 5.452233923000051 ], [ -3.947954406999941, 5.452182507000032 ], [ -3.947956328999965, 5.452149149000036 ], [ -3.947955155999978, 5.452120885000056 ], [ -3.947961602999953, 5.452094870000053 ], [ -3.947966070999939, 5.452066031000072 ], [ -3.947967724999955, 5.452041719000022 ], [ -3.947977557999934, 5.452016829000058 ], [ -3.948012758999937, 5.451980028000037 ], [ -3.94800735299998, 5.451950074000024 ], [ -3.947992905999968, 5.451911089000021 ], [ -3.947992860999932, 5.451882257000022 ], [ -3.947993657999973, 5.451850598000021 ], [ -3.947994465999955, 5.451826288000063 ], [ -3.947997201999954, 5.451772577000042 ], [ -3.948020548999978, 5.451731272000075 ], [ -3.948045872999955, 5.451692224000055 ], [ -3.94806092999994, 5.451580831000058 ], [ -3.948041158999956, 5.451563902000032 ], [ -3.948007551999979, 5.451537385000051 ], [ -3.947979588999942, 5.451513120000072 ], [ -3.947960638999973, 5.451479795000068 ], [ -3.947951515999932, 5.451418189000037 ], [ -3.947958513999936, 5.451383693000025 ], [ -3.94799200999995, 5.451339545000053 ], [ -3.94800267599993, 5.451306174000024 ], [ -3.947986545999925, 5.451272845000062 ], [ -3.947972959999959, 5.451242904000026 ], [ -3.947941326999967, 5.451215818000037 ], [ -3.947927737999976, 5.451184181000031 ], [ -3.947900631999971, 5.451166133000072 ], [ -3.947866141999953, 5.451116439000032 ], [ -3.94784436499998, 5.451079162000042 ], [ -3.947844326999927, 5.451054853000073 ], [ -3.947839775999967, 5.451030551000031 ], [ -3.947816338999928, 5.451014193000049 ], [ -3.947786420999932, 5.451002368000047 ], [ -3.947756785999957, 5.450990543000046 ], [ -3.94772514999994, 5.45096176100003 ], [ -3.94771605699998, 5.450919376000058 ], [ -3.947733204999963, 5.450882037000042 ], [ -3.947744718999957, 5.450849796000057 ], [ -3.947749189999968, 5.450823218000039 ], [ -3.947749993999935, 5.450796081000021 ], [ -3.947752775999959, 5.450771768000038 ], [ -3.947758070999953, 5.450730491000058 ], [ -3.947774397999979, 5.45070954800002 ], [ -3.947793203999936, 5.45065072400007 ], [ -3.94774266099995, 5.450616319000062 ], [ -3.947711076999951, 5.450620891000028 ], [ -3.947686536999925, 5.450620930000071 ], [ -3.947678586999928, 5.450587588000076 ], [ -3.947684745999936, 5.450557616000026 ], [ -3.947695389999978, 5.450510677000068 ], [ -3.947684629999969, 5.45048412400007 ], [ -3.947662873999946, 5.450459849000026 ], [ -3.947616848999928, 5.450429394000025 ], [ -3.947594204999973, 5.450378550000039 ], [ -3.94758965099993, 5.450352552000027 ], [ -3.947552606999977, 5.450292685000022 ], [ -3.947504641999956, 5.450283716000058 ], [ -3.94747951599993, 5.450269622000064 ], [ -3.947447871999941, 5.450235752000026 ], [ -3.947408064999934, 5.45021263600006 ], [ -3.947391659999937, 5.450183830000071 ], [ -3.947386206999965, 5.450123914000073 ], [ -3.94739685299993, 5.450077541000041 ], [ -3.947368008999945, 5.450030664000053 ], [ -3.94736796199993, 5.450000702000068 ], [ -3.947375230999967, 5.449959421000074 ], [ -3.947383076999927, 5.449926055000049 ], [ -3.947366897999927, 5.449861633000069 ], [ -3.947373902999971, 5.449831660000029 ], [ -3.947399988999962, 5.449738340000067 ], [ -3.947367522999969, 5.449720300000024 ], [ -3.947340392999934, 5.449686989000043 ], [ -3.947346531999926, 5.449644579000051 ], [ -3.947371879999935, 5.449620796000033 ], [ -3.947376350999946, 5.449593653000022 ], [ -3.947371765999947, 5.449547869000071 ], [ -3.947313066999925, 5.449528740000062 ], [ -3.947274130999972, 5.449521452000056 ], [ -3.947243662999938, 5.449518108000063 ], [ -3.947206420999976, 5.449511948000065 ], [ -3.947188337999933, 5.449492190000058 ], [ -3.947173026999963, 5.449441334000028 ], [ -3.947173808999935, 5.449400630000071 ], [ -3.947095347999948, 5.449370225000052 ], [ -3.94707726799993, 5.449352163000071 ], [ -3.947074407999935, 5.449327293000067 ], [ -3.947082541999976, 5.449297884000032 ], [ -3.947107864999964, 5.449257706000026 ], [ -3.94712390199993, 5.449232241000061 ], [ -3.947108603999936, 5.449189300000057 ], [ -3.947085164999976, 5.449171812000031 ], [ -3.947023620999971, 5.449136858000031 ], [ -3.946996513999977, 5.449118810000073 ], [ -3.946971072999929, 5.449083235000046 ], [ -3.946957501999975, 5.449062904000073 ], [ -3.946896203999927, 5.449004772000023 ], [ -3.946860902999958, 5.448977126000045 ], [ -3.946832082999947, 5.448945513000069 ], [ -3.946791408999957, 5.448909396000033 ], [ -3.946751584999959, 5.448875539000028 ], [ -3.946719945999973, 5.448845061000043 ], [ -3.946703545999981, 5.448819082000057 ], [ -3.946695318999957, 5.448789132000059 ], [ -3.946674662999953, 5.448746765000067 ], [ -3.946669254999961, 5.448715681000067 ], [ -3.946650026999976, 5.448685183000066 ], [ -3.946647449999944, 5.448660878000055 ], [ -3.946642041999951, 5.448629794000055 ], [ -3.946635509999965, 5.448600972000065 ], [ -3.946603038999967, 5.448579541000072 ], [ -3.946581299999934, 5.448566573000051 ], [ -3.946565989999954, 5.44851628300006 ], [ -3.946554041999946, 5.448451854000041 ], [ -3.946548604999975, 5.448402114000032 ], [ -3.946551387999932, 5.44837780000006 ], [ -3.946556699999974, 5.448347830000046 ], [ -3.946551291999981, 5.448316180000063 ], [ -3.946531179999965, 5.448261940000066 ], [ -3.946529440999939, 5.44823198000006 ], [ -3.94645262399996, 5.448170480000044 ], [ -3.946448071999953, 5.448145613000065 ], [ -3.946426324999948, 5.448127557000021 ], [ -3.946392996999975, 5.448099343000024 ], [ -3.946365835999927, 5.448046245000057 ], [ -3.946341215999951, 5.447994273000063 ], [ -3.946317756999974, 5.447963782000045 ], [ -3.946257310999954, 5.447909606000053 ], [ -3.946222010999975, 5.447882526000058 ], [ -3.94619038899998, 5.447862789000055 ], [ -3.946173140999974, 5.447836246000065 ], [ -3.946158719999971, 5.447813090000068 ], [ -3.946125128999938, 5.44779674800003 ], [ -3.946090980999941, 5.447784930000068 ], [ -3.946014248999973, 5.447777701000064 ], [ -3.945964584999956, 5.447764211000049 ], [ -3.945920283999953, 5.447753539000075 ], [ -3.945900506999976, 5.44773265300006 ], [ -3.945880442999965, 5.447708376000037 ], [ -3.945855267999946, 5.447662624000031 ], [ -3.945860576999962, 5.447630957000058 ], [ -3.945842443999936, 5.447578975000056 ], [ -3.945805450999956, 5.447551332000046 ], [ -3.945782865999945, 5.447538365000071 ], [ -3.945739431999925, 5.447540695000043 ], [ -3.945712323999942, 5.447521516000052 ], [ -3.945693370999948, 5.447486496000067 ], [ -3.945660887999964, 5.447457150000048 ], [ -3.945612014999938, 5.447408608000046 ], [ -3.945571350999955, 5.447378710000066 ], [ -3.945554955999967, 5.447355557000037 ], [ -3.945520791999968, 5.447333563000029 ], [ -3.945483542999966, 5.447322880000058 ], [ -3.94545644599998, 5.44731048500006 ], [ -3.945432181999934, 5.447306566000066 ], [ -3.945398847999968, 5.447274395000022 ], [ -3.945388631999947, 5.447234273000049 ], [ -3.945365998999932, 5.447190778000049 ], [ -3.945361410999965, 5.447143298000071 ], [ -3.945278481999935, 5.447141166000051 ], [ -3.94525417899996, 5.447111807000056 ], [ -3.945238610999979, 5.447077347000061 ], [ -3.94520894599998, 5.447045735000074 ], [ -3.945197006999933, 5.446986960000061 ], [ -3.94518962899997, 5.446958705000043 ], [ -3.945187886999975, 5.446926484000073 ], [ -3.945186131999947, 5.446886348000021 ], [ -3.945171424999955, 5.44686093200005 ], [ -3.945146247999958, 5.446814049000068 ], [ -3.945121702999927, 5.446810696000057 ], [ -3.945074880999925, 5.446810769000024 ], [ -3.945047779999925, 5.446796113000062 ], [ -3.94500626699994, 5.446763954000062 ], [ -3.944913861999964, 5.446654426000066 ], [ -3.944901406999975, 5.44662617900002 ], [ -3.944858751999959, 5.446585542000037 ], [ -3.944823430999975, 5.446544894000056 ], [ -3.944808997999928, 5.446514389000072 ], [ -3.944797378999965, 5.446479357000044 ], [ -3.944765769999947, 5.446468100000061 ], [ -3.944733012999961, 5.446443277000071 ], [ -3.944694342999981, 5.44642581200003 ], [ -3.944649197999979, 5.446416272000022 ], [ -3.944602088999943, 5.446413520000021 ], [ -3.944570498999951, 5.446414134000065 ], [ -3.944540875999962, 5.44640965800005 ], [ -3.944516865999958, 5.446387648000041 ], [ -3.944478529999969, 5.446402972000044 ], [ -3.944440762999932, 5.446421687000054 ], [ -3.944380960999979, 5.446418954000023 ], [ -3.944355765999944, 5.446360199000026 ], [ -3.944324964999964, 5.446324067000035 ], [ -3.944249897999953, 5.446299310000029 ], [ -3.944171614999959, 5.446382536000044 ], [ -3.944151895999937, 5.446398961000057 ], [ -3.944128226999965, 5.446414262000076 ], [ -3.944098628999939, 5.446426746000043 ], [ -3.944075233999968, 5.446436958000049 ], [ -3.944048160999955, 5.446439827000063 ], [ -3.944022751999967, 5.446425168000076 ], [ -3.943984927999963, 5.446407137000051 ], [ -3.943960343999947, 5.446378344000038 ], [ -3.943903658999943, 5.446384651000074 ], [ -3.943877431999965, 5.446387519000041 ], [ -3.94385574699993, 5.446409036000034 ], [ -3.94382509299993, 5.446467312000038 ], [ -3.943816972999969, 5.446505767000076 ], [ -3.943776361999937, 5.446509788000071 ], [ -3.943720464999956, 5.446478217000049 ], [ -3.943689681999956, 5.446453956000028 ], [ -3.94366171799993, 5.446428560000072 ], [ -3.94363009999995, 5.446411085000022 ], [ -3.943585801999973, 5.446402109000076 ], [ -3.943542624999964, 5.44638804300007 ], [ -3.943482021999955, 5.446413578000033 ], [ -3.943464844999937, 5.446432261000041 ], [ -3.943459522999945, 5.446456013000045 ], [ -3.943446105999953, 5.446534614000029 ], [ -3.943404685999951, 5.446561815000052 ], [ -3.943375912999954, 5.446560164000061 ], [ -3.943322527999953, 5.446512195000025 ], [ -3.943308941999931, 5.446482254000045 ], [ -3.943295261999936, 5.446391257000073 ], [ -3.943280810999966, 5.446349445000067 ], [ -3.943263495999929, 5.446278807000056 ], [ -3.943233568999972, 5.446260763000055 ], [ -3.943211020999968, 5.446271539000065 ], [ -3.943185944999925, 5.446289104000073 ], [ -3.943134465999947, 5.446377941000037 ], [ -3.943128312999931, 5.44641187000002 ], [ -3.943120185999931, 5.446445803000074 ], [ -3.943116562999933, 5.446473509000043 ], [ -3.943103907999955, 5.446497838000028 ], [ -3.943093231999967, 5.446524991000047 ], [ -3.943076069999961, 5.446553284000061 ], [ -3.943061721999925, 5.44657705000003 ], [ -3.943039173999978, 5.446588392000024 ], [ -3.94298949299997, 5.446563595000043 ], [ -3.942956108999965, 5.446499200000062 ], [ -3.942932406999944, 5.446493584000052 ], [ -3.942898280999941, 5.44649589900007 ], [ -3.942853944999968, 5.446462048000058 ], [ -3.94280962299996, 5.446437243000048 ], [ -3.942780887999959, 5.446459901000026 ], [ -3.942735913999968, 5.446560035000061 ], [ -3.942699825999966, 5.446570267000027 ], [ -3.942679763999934, 5.446547685000041 ], [ -3.942668133999973, 5.446505869000021 ], [ -3.942664417999936, 5.446474217000059 ], [ -3.942649955999968, 5.446424490000027 ], [ -3.942627370999958, 5.446412089000034 ], [ -3.94253509899994, 5.446387924000021 ], [ -3.942500154999948, 5.446408330000054 ], [ -3.942487522999954, 5.446446792000074 ], [ -3.942491276999931, 5.446503319000044 ], [ -3.942484040999943, 5.446566082000061 ], [ -3.942420070999958, 5.446602928000061 ], [ -3.942432829999973, 5.446645873000023 ], [ -3.942424702999972, 5.446679240000037 ], [ -3.942391153999949, 5.446690034000028 ], [ -3.942366034999964, 5.446679897000024 ], [ -3.942336936999936, 5.446651111000051 ], [ -3.94230364699996, 5.446646641000029 ], [ -3.942265873999929, 5.44666139800006 ], [ -3.942223253999941, 5.446643374000075 ], [ -3.942191675999936, 5.446651338000038 ], [ -3.942085372999941, 5.44667355200005 ], [ -3.942046472999948, 5.446689442000036 ], [ -3.942017684999939, 5.446678181000038 ], [ -3.94199593899998, 5.446660689000055 ], [ -3.941958945999943, 5.446633046000045 ], [ -3.941919961999929, 5.446594665000021 ], [ -3.941887455999961, 5.446550620000039 ], [ -3.94186115399998, 5.446505435000063 ], [ -3.941834014999927, 5.446466470000075 ], [ -3.941796133999958, 5.446411692000027 ], [ -3.941741942999954, 5.446389164000038 ], [ -3.941745275999949, 5.446356369000057 ], [ -3.941748898999947, 5.446328097000048 ], [ -3.941747969999938, 5.44627495800006 ], [ -3.941747918999965, 5.446242169000072 ], [ -3.941738848999933, 5.44621335100004 ], [ -3.941728090999959, 5.446187928000029 ], [ -3.941699841999935, 5.446160837000036 ], [ -3.941528237999933, 5.446089873000062 ], [ -3.941513808999957, 5.446061630000031 ], [ -3.941477683999949, 5.446048118000022 ], [ -3.941475943999933, 5.446017593000022 ], [ -3.941471327999977, 5.445950892000042 ], [ -3.941455778999966, 5.445928303000073 ], [ -3.941390823999939, 5.445876394000038 ], [ -3.941338329999951, 5.445856690000028 ], [ -3.941271805999975, 5.445883929000047 ], [ -3.941242810999938, 5.445921286000043 ], [ -3.941207553999959, 5.44592134100003 ], [ -3.941145378999977, 5.445843423000042 ], [ -3.941120775999934, 5.445802192000031 ], [ -3.941048507999938, 5.445763863000025 ], [ -3.941024205999952, 5.445735069000023 ], [ -3.941015964999963, 5.445695509000075 ], [ -3.940997842999934, 5.445650311000065 ], [ -3.940978038999958, 5.445612465000067 ], [ -3.940956262999975, 5.445575187000031 ], [ -3.940943503999961, 5.445532808000053 ], [ -3.94093613299998, 5.445508510000025 ], [ -3.940904516999979, 5.445492730000069 ], [ -3.940911780999954, 5.445447493000074 ], [ -3.940908910999951, 5.44541583900002 ], [ -3.94089188099997, 5.44534746100004 ], [ -3.940901666999935, 5.445292043000052 ], [ -3.940915156999949, 5.445260364000035 ], [ -3.940912295999965, 5.445234928000048 ], [ -3.940881531999935, 5.445222539000042 ], [ -3.940805934999958, 5.445219265000048 ], [ -3.940770645999976, 5.445198968000057 ], [ -3.940741584999955, 5.445193926000059 ], [ -3.940722635999975, 5.445161166000048 ], [ -3.940706524999939, 5.445139709000046 ], [ -3.940695471999959, 5.445105241000022 ], [ -3.940706272999932, 5.444977460000075 ], [ -3.940698057999953, 5.444954860000053 ], [ -3.940666449999981, 5.44494360300007 ], [ -3.94064386499997, 5.444930635000048 ], [ -3.940620421999938, 5.444909755000026 ], [ -3.940585963999979, 5.444880411000042 ], [ -3.940569570999969, 5.444858389000046 ], [ -3.940566147999959, 5.444834085000025 ], [ -3.94052891299998, 5.444832448000057 ], [ -3.940506367999944, 5.444844920000037 ], [ -3.940477582999961, 5.444835354000077 ], [ -3.940437784999972, 5.444817891000071 ], [ -3.94041713799993, 5.444781742000032 ], [ -3.94036467199993, 5.444780128000048 ], [ -3.940322290999973, 5.444733837000058 ], [ -3.940327600999979, 5.444702171000074 ], [ -3.940329255999927, 5.444677859000024 ], [ -3.940321033999965, 5.444650736000028 ], [ -3.94028857099994, 5.444633827000075 ], [ -3.940243431999932, 5.444628244000057 ], [ -3.940211036999926, 5.444655430000068 ], [ -3.940190231999964, 5.444698993000031 ], [ -3.940157793999958, 5.444697913000027 ], [ -3.940122343999974, 5.444574161000048 ], [ -3.94009525499996, 5.444566854000072 ], [ -3.940064744999972, 5.444536374000052 ], [ -3.940052794999929, 5.444469684000069 ], [ -3.940019443999972, 5.44442620600006 ], [ -3.940019349999943, 5.44436571600005 ], [ -3.940038193999953, 5.444331201000068 ], [ -3.940014734999977, 5.444300145000057 ], [ -3.939977480999971, 5.444286070000032 ], [ -3.939939660999926, 5.444270865000021 ], [ -3.939874761999931, 5.444254571000045 ], [ -3.93983499199993, 5.444254633000071 ], [ -3.939800582999965, 5.444256383000038 ], [ -3.939759955999932, 5.444250228000044 ], [ -3.939682359999949, 5.444231127000023 ], [ -3.939597431999971, 5.444213169000022 ], [ -3.939542402999962, 5.44419629500004 ], [ -3.939471860999959, 5.444178880000038 ], [ -3.939431247999948, 5.444181205000064 ], [ -3.939379069999973, 5.444183547000023 ], [ -3.939346650999937, 5.444194904000028 ], [ -3.939304854999932, 5.444162180000035 ], [ -3.939254284999947, 5.444109683000022 ], [ -3.939206555999931, 5.444070750000037 ], [ -3.939186486999972, 5.444043080000029 ], [ -3.939153067999939, 5.443956072000049 ], [ -3.939162886999952, 5.443921571000033 ], [ -3.939205097999945, 5.443858189000025 ], [ -3.939205048999952, 5.44382653100007 ], [ -3.939187990999926, 5.443740062000074 ], [ -3.939166230999945, 5.443713525000021 ], [ -3.939113734999978, 5.443692125000041 ], [ -3.939094787999977, 5.443660496000064 ], [ -3.939078369999947, 5.443623210000055 ], [ -3.939057757999933, 5.443609108000032 ], [ -3.93901630199997, 5.443613696000057 ], [ -3.938938378999978, 5.443565764000027 ], [ -3.938905868999939, 5.443518892000043 ], [ -3.938894253999933, 5.443486121000035 ], [ -3.938888556999927, 5.443449949000069 ], [ -3.93888762499995, 5.443395114000054 ], [ -3.938888382999949, 5.443338014000062 ], [ -3.938886601999968, 5.443280919000074 ], [ -3.938891900999977, 5.443241903000057 ], [ -3.93890623599998, 5.443209657000068 ], [ -3.938928731999965, 5.443164961000036 ], [ -3.938937717999977, 5.443139507000069 ], [ -3.938935986999979, 5.443114636000075 ], [ -3.938904371999968, 5.443098856000063 ], [ -3.938889924999955, 5.443059305000077 ], [ -3.938866428999972, 5.44300393900005 ], [ -3.938845534999928, 5.442990404000057 ], [ -3.938818454999932, 5.44298875000004 ], [ -3.938788557999942, 5.442989927000042 ], [ -3.938754383999935, 5.442961149000041 ], [ -3.938735434999955, 5.442928389000031 ], [ -3.938715377999927, 5.442908634000048 ], [ -3.93868742899997, 5.442892283000049 ], [ -3.938673826999946, 5.442851601000029 ], [ -3.938674627999944, 5.442822768000042 ], [ -3.938688949999971, 5.442782042000033 ], [ -3.938710578999974, 5.442723779000062 ], [ -3.938730547999967, 5.442687002000071 ], [ -3.938754779999954, 5.442670569000029 ], [ -3.938769965999938, 5.442641714000047 ], [ -3.938778948999925, 5.442613434000066 ], [ -3.93880790399993, 5.442551202000061 ], [ -3.938816894999945, 5.44252857500004 ], [ -3.93883490199994, 5.442499715000054 ], [ -3.938854618999926, 5.442481594000071 ], [ -3.938863597999955, 5.442451618000064 ], [ -3.938851941999928, 5.442392842000061 ], [ -3.938826505999941, 5.442360092000058 ], [ -3.938781369999958, 5.442355640000073 ], [ -3.938755137999976, 5.442355681000038 ], [ -3.938731684999937, 5.442328581000027 ], [ -3.938726276999944, 5.442296932000033 ], [ -3.938702847999934, 5.442285096000035 ], [ -3.938681106999979, 5.442270997000037 ], [ -3.938672014999952, 5.442228611000075 ], [ -3.938672814999961, 5.442198648000044 ], [ -3.938669110999967, 5.442174344000023 ], [ -3.938690717999975, 5.442102514000055 ], [ -3.938698009999939, 5.442075367000029 ], [ -3.938665208999964, 5.442022842000029 ], [ -3.938638088999937, 5.441995183000074 ], [ -3.938631805999933, 5.441945444000055 ], [ -3.938617369999974, 5.441912678000051 ], [ -3.938599289999956, 5.441894615000024 ], [ -3.938605403999929, 5.441835246000039 ], [ -3.938622579999958, 5.441815998000038 ], [ -3.938638880999974, 5.441778661000058 ], [ -3.938636015999975, 5.441749834000063 ], [ -3.938619571999936, 5.441695588000073 ], [ -3.938571839999952, 5.441654393000022 ], [ -3.938549256999977, 5.441642556000033 ], [ -3.938528328999951, 5.441606408000041 ], [ -3.938511092999931, 5.441587214000037 ], [ -3.93848309699996, 5.44154033500007 ], [ -3.938463290999948, 5.441500793000046 ], [ -3.938421796999933, 5.441480505000072 ], [ -3.938360283999941, 5.441464772000074 ], [ -3.938450358999944, 5.441345913000021 ], [ -3.938496279999981, 5.441310791000035 ], [ -3.938495338999928, 5.441249737000021 ], [ -3.938492455999949, 5.441209038000068 ], [ -3.938476349999974, 5.441190407000022 ], [ -3.938442732999931, 5.441157105000059 ], [ -3.938424634999933, 5.441127170000073 ], [ -3.93838132999997, 5.441030567000041 ], [ -3.938365748999956, 5.440987061000044 ], [ -3.938344281999946, 5.440967307000051 ], [ -3.938326205999942, 5.440951506000033 ], [ -3.938279914999953, 5.440930096000045 ], [ -3.938255654999978, 5.440928438000071 ], [ -3.938224931999969, 5.440942053000072 ], [ -3.938155642999959, 5.441005478000022 ], [ -3.93810319499994, 5.441015170000071 ], [ -3.938074405999942, 5.441002777000051 ], [ -3.93802502099993, 5.440987025000027 ], [ -3.938002143999938, 5.440967839000052 ], [ -3.937966557999971, 5.440937932000054 ], [ -3.937972141999978, 5.440900612000064 ], [ -3.937975756999947, 5.440867252000032 ], [ -3.937985562999927, 5.440824837000036 ], [ -3.937999906999949, 5.440798244000064 ], [ -3.938019050999969, 5.440775036000048 ], [ -3.938016192999953, 5.440750731000037 ], [ -3.937971851999976, 5.440713489000075 ], [ -3.937906895999959, 5.440660449000063 ], [ -3.937848330999941, 5.440727249000076 ], [ -3.937801243999957, 5.440738063000026 ], [ -3.93776965099994, 5.44073641600005 ], [ -3.937738637999928, 5.440745510000056 ], [ -3.937713784999971, 5.440724631000023 ], [ -3.937647656999957, 5.440643326000043 ], [ -3.937606129999949, 5.44060212200003 ], [ -3.937569181999947, 5.440602745000035 ], [ -3.937483274999977, 5.440498858000069 ], [ -3.937454797999976, 5.440506251000045 ], [ -3.93740584699998, 5.440588865000052 ], [ -3.937376846999939, 5.440622265000059 ], [ -3.937335363999978, 5.440609327000061 ], [ -3.93730460699993, 5.440601460000039 ], [ -3.937244164999925, 5.440548413000045 ], [ -3.93720713099998, 5.440494199000057 ], [ -3.937179132999972, 5.440446189000056 ], [ -3.937149116999933, 5.440369916000066 ], [ -3.937138310999956, 5.440313400000036 ], [ -3.937145256999941, 5.440244985000049 ], [ -3.937140693999936, 5.440212768000038 ], [ -3.937147972999981, 5.440177706000043 ], [ -3.937161470999968, 5.440151115000049 ], [ -3.937168471999939, 5.440118880000057 ], [ -3.937165041999947, 5.440089489000059 ], [ -3.937156827999956, 5.440066888000047 ], [ -3.937134233999927, 5.440048267000066 ], [ -3.937089971999967, 5.440061904000061 ], [ -3.937066612999956, 5.440095295000049 ], [ -3.937023200999931, 5.440111757000068 ], [ -3.936994439999978, 5.440118020000057 ], [ -3.936974952999947, 5.440101656000024 ], [ -3.936982499999942, 5.440057548000027 ], [ -3.936981593999974, 5.440018542000075 ], [ -3.936979857999972, 5.439990278000039 ], [ -3.936952749999932, 5.439970534000054 ], [ -3.936903890999929, 5.439929906000032 ], [ -3.936921901999938, 5.439903873000048 ], [ -3.936997722999934, 5.439869270000031 ], [ -3.937011195999958, 5.439826850000031 ], [ -3.936978428999964, 5.439795807000053 ], [ -3.936886428999969, 5.439764292000064 ], [ -3.936860166999963, 5.439744546000043 ], [ -3.936836726999957, 5.43972592700004 ], [ -3.936806775999969, 5.439692053000044 ], [ -3.936783322999929, 5.439664389000029 ], [ -3.936765201999947, 5.43961975600007 ], [ -3.936758112999939, 5.439595458000042 ], [ -3.936738848999937, 5.439541216000066 ], [ -3.936687441999936, 5.439494373000059 ], [ -3.936652199999969, 5.439504604000035 ], [ -3.936625143999947, 5.439518779000025 ], [ -3.936601693999933, 5.43949337600003 ], [ -3.936595443999977, 5.43946455400004 ], [ -3.936524845999941, 5.43941039200007 ], [ -3.936430829999949, 5.439351743000032 ], [ -3.936432761999924, 5.439324605000024 ], [ -3.936457834999942, 5.439304779000054 ], [ -3.936446166999929, 5.439238088000025 ], [ -3.936429768999972, 5.439213239000026 ], [ -3.936389103999943, 5.43918164400003 ], [ -3.936352985999974, 5.439172089000067 ], [ -3.936272624999958, 5.439189174000035 ], [ -3.936238490999926, 5.439185835000046 ], [ -3.936216744999967, 5.439168344000052 ], [ -3.936176099999955, 5.439149751000059 ], [ -3.936164216999941, 5.439126025000064 ], [ -3.936127245999955, 5.439111949000051 ], [ -3.936113671999976, 5.439089357000057 ], [ -3.936109941999973, 5.439048659000036 ], [ -3.936086519999947, 5.439041346000067 ], [ -3.936056601999951, 5.439028390000033 ], [ -3.936014295999939, 5.439030717000037 ], [ -3.935971973999926, 5.439021738000065 ], [ -3.935925712999961, 5.439019548000033 ], [ -3.935896071999935, 5.439003765000052 ], [ -3.935885006999968, 5.438961948000042 ], [ -3.935884942999962, 5.438920113000052 ], [ -3.935893867999937, 5.438855087000036 ], [ -3.935892130999946, 5.438826258000063 ], [ -3.93589123299995, 5.438792905000071 ], [ -3.935902714999941, 5.438739180000027 ], [ -3.935930877999965, 5.438711436000062 ], [ -3.935962417999974, 5.438678598000024 ], [ -3.936042372999964, 5.438581802000044 ], [ -3.936019724999937, 5.438527566000062 ], [ -3.935985548999952, 5.438497656000038 ], [ -3.935931344999972, 5.438465517000054 ], [ -3.93588787799996, 5.438446363000025 ], [ -3.935859109999967, 5.438447538000048 ], [ -3.935829220999949, 5.438453803000073 ], [ -3.93579763799994, 5.438458940000032 ], [ -3.935761536999962, 5.438460127000042 ], [ -3.935710168999947, 5.438438724000036 ], [ -3.935685606999925, 5.43842406300007 ], [ -3.935648608999941, 5.438392462000024 ], [ -3.935615278999933, 5.438361986000075 ], [ -3.935559181999963, 5.438383556000076 ], [ -3.93553408899993, 5.438389813000072 ], [ -3.935466407999968, 5.438398398000061 ], [ -3.935438484999963, 5.438399007000044 ], [ -3.935407741999938, 5.438400185000035 ], [ -3.935360640999932, 5.438401954000028 ], [ -3.93531464199998, 5.438386761000061 ], [ -3.935258744999942, 5.438354624000056 ], [ -3.935217527999953, 5.438330944000029 ], [ -3.935166994999975, 5.438302191000048 ], [ -3.935073550999959, 5.438248629000043 ], [ -3.935002159999954, 5.438228953000021 ], [ -3.934972209999955, 5.438195645000064 ], [ -3.934964259999958, 5.438161738000076 ], [ -3.934974908999948, 5.438116495000031 ], [ -3.935019945999954, 5.438057066000056 ], [ -3.935048638999945, 5.43800727200005 ], [ -3.935043212999972, 5.437963750000051 ], [ -3.935000007999975, 5.437931028000037 ], [ -3.934874484999966, 5.437926700000048 ], [ -3.934803945999931, 5.437910980000026 ], [ -3.934746152999935, 5.43792972500006 ], [ -3.934710114999973, 5.437972181000021 ], [ -3.934665031999941, 5.438002213000061 ], [ -3.934599282999955, 5.437983659000054 ], [ -3.934581141999956, 5.437925458000052 ], [ -3.934586440999965, 5.437886442000035 ], [ -3.934541243999945, 5.437842416000024 ], [ -3.93447962099998, 5.437755451000044 ], [ -3.934407284999963, 5.437671894000061 ], [ -3.93434762499993, 5.43757757700007 ], [ -3.934324132999961, 5.437524472000064 ], [ -3.934291654999925, 5.437497952000058 ], [ -3.934258109999973, 5.437511006000022 ], [ -3.934253645999945, 5.437542672000063 ], [ -3.934246645999963, 5.437576037000042 ], [ -3.934193359999938, 5.437590818000047 ], [ -3.934079650999934, 5.437565554000059 ], [ -3.933997495999961, 5.437515932000053 ], [ -3.933953117999977, 5.437454380000077 ], [ -3.933902479999972, 5.437357787000053 ], [ -3.933851609999977, 5.437292853000031 ], [ -3.933799376999957, 5.437259014000063 ], [ -3.933740690999969, 5.437247798000044 ], [ -3.933676629999979, 5.437225849000072 ], [ -3.933590795999976, 5.437168318000033 ], [ -3.933491458999981, 5.437133987000038 ], [ -3.933447724999951, 5.437124444000062 ], [ -3.933408223999947, 5.437116025000023 ], [ -3.933367559999965, 5.437085560000071 ], [ -3.933364126999948, 5.437053907000063 ], [ -3.933376390999967, 5.436958912000023 ], [ -3.933397168999932, 5.436897259000034 ], [ -3.933407816999932, 5.436852017000035 ], [ -3.933397903999946, 5.436825461000069 ], [ -3.933366303999946, 5.436819292000052 ], [ -3.933329397999955, 5.436847615000033 ], [ -3.933282335999934, 5.436874824000029 ], [ -3.933243714999946, 5.436888451000073 ], [ -3.933198576999928, 5.436882302000072 ], [ -3.933166100999927, 5.436856913000042 ], [ -3.933116379999944, 5.43680611000002 ], [ -3.933067518999962, 5.436763786000029 ], [ -3.933014152999931, 5.436726556000053 ], [ -3.932956021999928, 5.436709121000035 ], [ -3.932905793999964, 5.436695065000038 ], [ -3.932849896999926, 5.436662928000032 ], [ -3.932800168999961, 5.436607037000044 ], [ -3.932780635999961, 5.43656127600002 ], [ -3.932801683999969, 5.436491708000062 ], [ -3.932830376999959, 5.436441914000056 ], [ -3.932842970999957, 5.436378013000024 ], [ -3.932839227999978, 5.436328269000057 ], [ -3.932817700999976, 5.436269508000066 ], [ -3.932782362999944, 5.436216987000023 ], [ -3.932736317999968, 5.43617183200007 ], [ -3.932685524999954, 5.436157212000069 ], [ -3.932655022999938, 5.436131254000031 ], [ -3.932657500999937, 5.436091677000036 ], [ -3.932683665999946, 5.436048671000037 ], [ -3.932697107999957, 5.435985334000065 ], [ -3.932690821999927, 5.435933333000037 ], [ -3.932669025999928, 5.435882487000072 ], [ -3.932632853999962, 5.435838447000037 ], [ -3.932584782999925, 5.435759375000032 ], [ -3.93256041199993, 5.435685355000032 ], [ -3.932555752999974, 5.435590387000047 ], [ -3.932559303999938, 5.435515192000025 ], [ -3.932549086999927, 5.435473939000076 ], [ -3.932515769999952, 5.435451942000043 ], [ -3.93248136099993, 5.435453126000027 ], [ -3.932448109999939, 5.435474095000075 ], [ -3.932403827999963, 5.43547472900002 ], [ -3.932367663999969, 5.435435211000026 ], [ -3.93234414799997, 5.435366277000071 ], [ -3.932342343999949, 5.43529391800007 ], [ -3.932325086999981, 5.435260590000041 ], [ -3.932275447999928, 5.435262363000049 ], [ -3.932046625999931, 5.435031496000022 ], [ -3.931874421999964, 5.435117692000063 ], [ -3.931832743999962, 5.434977554000056 ], [ -3.93181175199993, 5.434899571000074 ], [ -3.931774818999941, 5.434910369000022 ], [ -3.931755952999936, 5.434931316000075 ], [ -3.931716179999967, 5.434929681000028 ], [ -3.931696392999925, 5.434901445000037 ], [ -3.93169181899998, 5.434861879000039 ], [ -3.931699637999941, 5.434810422000055 ], [ -3.93172409999994, 5.434760635000032 ], [ -3.931765493999933, 5.434715910000023 ], [ -3.931758124999931, 5.434692743000028 ], [ -3.931736417999957, 5.43451639400007 ], [ -3.931702790999964, 5.434475742000075 ], [ -3.931621539999981, 5.434463995000044 ], [ -3.931564804999937, 5.434436947000052 ], [ -3.931518417999939, 5.434352784000055 ], [ -3.93150752899993, 5.434241431000032 ], [ -3.931504607999955, 5.434175857000071 ], [ -3.931462246999956, 5.43414143800004 ], [ -3.931439619999935, 5.434101334000047 ], [ -3.931418723999968, 5.434085537000044 ], [ -3.931395338999948, 5.434102533000043 ], [ -3.931361218999939, 5.434108239000068 ], [ -3.931327639999949, 5.434099245000027 ], [ -3.931264390999957, 5.434054682000067 ], [ -3.931251591999967, 5.43398516600007 ], [ -3.931249755999943, 5.433891324000058 ], [ -3.931234360999952, 5.433785066000041 ], [ -3.931209691999925, 5.43370030400007 ], [ -3.931201438999949, 5.433652264000045 ], [ -3.931216863999964, 5.433594576000075 ], [ -3.931202394999957, 5.43354032700006 ], [ -3.931220365999934, 5.433487724000031 ], [ -3.931247362999954, 5.433435106000047 ], [ -3.931268736999925, 5.43339437000003 ], [ -3.931247255999949, 5.433365571000024 ], [ -3.931208329999947, 5.433363935000045 ], [ -3.931173867999973, 5.433330634000072 ], [ -3.931142243999943, 5.43330863400007 ], [ -3.931068336999942, 5.433303660000036 ], [ -3.930979780999962, 5.433310015000075 ], [ -3.930919446999951, 5.43332706800004 ], [ -3.930864415999963, 5.433307367000054 ], [ -3.930828230999964, 5.433254281000075 ], [ -3.93081912699995, 5.433203416000026 ], [ -3.930847821999976, 5.433154753000053 ], [ -3.930870312999957, 5.433106665000025 ], [ -3.930861215999926, 5.433060322000074 ], [ -3.930833221999933, 5.433014574000026 ], [ -3.930794240999944, 5.432977322000056 ], [ -3.930766267999957, 5.432944576000068 ], [ -3.930772671999932, 5.43289029400006 ], [ -3.93075087699998, 5.432840579000072 ], [ -3.930719248999935, 5.43281631800005 ], [ -3.930672168999934, 5.432831089000047 ], [ -3.930626213999972, 5.43284472800002 ], [ -3.930565840999975, 5.432835776000047 ], [ -3.930499812999926, 5.432818352000027 ], [ -3.93043658299996, 5.432786226000076 ], [ -3.930416787999945, 5.432753467000055 ], [ -3.93042205699993, 5.432694665000042 ], [ -3.930440880999925, 5.432646583000064 ], [ -3.930446142999926, 5.432583258000022 ], [ -3.930433638999943, 5.432522221000056 ], [ -3.930440612999973, 5.432471331000045 ], [ -3.930426121999972, 5.432402383000067 ], [ -3.930380920999937, 5.432355530000052 ], [ -3.930332078999925, 5.43232507700003 ], [ -3.930305789999977, 5.432287806000033 ], [ -3.930260602999965, 5.432249999000021 ], [ -3.930212898999969, 5.432225763000076 ], [ -3.930143224999938, 5.432221913000035 ], [ -3.930094744999963, 5.432244035000053 ], [ -3.930060313999945, 5.432231086000058 ], [ -3.930034872999954, 5.432194378000077 ], [ -3.929991709999967, 5.432188791000044 ], [ -3.929959304999954, 5.432209759000045 ], [ -3.929949210999951, 5.432248782000045 ], [ -3.929961105999951, 5.432280422000076 ], [ -3.929993586999956, 5.432309204000035 ], [ -3.930018215999951, 5.432367960000022 ], [ -3.930008120999958, 5.432406984000067 ], [ -3.92996136499994, 5.43244945500004 ], [ -3.929910888999927, 5.432457448000036 ], [ -3.929859255999929, 5.432446221000021 ], [ -3.929831271999944, 5.432407256000033 ], [ -3.929806938999945, 5.43235754400007 ], [ -3.929765404999955, 5.432310686000051 ], [ -3.929731801999935, 5.432285863000061 ], [ -3.929719037999973, 5.432238960000063 ], [ -3.929713573999948, 5.432170564000046 ], [ -3.929698241999972, 5.432104443000071 ], [ -3.929680978999954, 5.432067158000052 ], [ -3.929658386999961, 5.432049102000065 ], [ -3.929635838999957, 5.432059878000075 ], [ -3.929596119999928, 5.432092729000033 ], [ -3.929536692999932, 5.43214991800005 ], [ -3.929483447999928, 5.432191269000043 ], [ -3.929442904999974, 5.432239385000059 ], [ -3.929378915999962, 5.432263792000072 ], [ -3.929328410999972, 5.432252564000066 ], [ -3.929287759999966, 5.432230013000037 ], [ -3.929234430999941, 5.432216527000037 ], [ -3.929195548999928, 5.432243723000056 ], [ -3.929156964999947, 5.432281659000068 ], [ -3.929125436999925, 5.43232241100003 ], [ -3.929072132999977, 5.432325320000075 ], [ -3.929033172999937, 5.432301636000034 ], [ -3.929013389999966, 5.432276226000056 ], [ -3.929006003999973, 5.432241753000028 ], [ -3.929030463999936, 5.432190270000035 ], [ -3.929008678999935, 5.432146773000056 ], [ -3.928952805999927, 5.432129899000074 ], [ -3.928906541999936, 5.432125448000022 ], [ -3.928853499999946, 5.432115353000029 ], [ -3.928808342999957, 5.432097332000069 ], [ -3.928754128999969, 5.432058973000039 ], [ -3.928706120999948, 5.432020604000058 ], [ -3.928658091999978, 5.431968668000025 ], [ -3.928616567999939, 5.431928593000066 ], [ -3.928610274999926, 5.431870939000021 ], [ -3.928622909999945, 5.431833608000034 ], [ -3.928652500999931, 5.431817168000066 ], [ -3.928687742999955, 5.431807503000073 ], [ -3.928706586999965, 5.431771858000047 ], [ -3.928705127999933, 5.431740202000071 ], [ -3.92860501399997, 5.431013341000039 ], [ -3.927839376999941, 5.430554337000046 ], [ -3.926461728999925, 5.429943067000067 ], [ -3.925390298999957, 5.429638298000043 ], [ -3.924290192999933, 5.429394627000022 ], [ -3.924013120999973, 5.429333430000042 ], [ -3.922329915999967, 5.429029590000027 ], [ -3.920515232999946, 5.428512816000023 ], [ -3.920187060999979, 5.428419470000051 ], [ -3.91682042399998, 5.427657993000025 ], [ -3.916702050999959, 5.423604739000041 ], [ -3.916302286999951, 5.404610731000048 ], [ -3.916312155999947, 5.403670002000069 ], [ -3.909231316999978, 5.381042819000072 ], [ -3.909074612999973, 5.375960169000052 ], [ -3.908203500999946, 5.373550065000074 ] ] ] ] } },
{ "type": "Feature", "properties": { "id": 5.0, "objectid": 6.0, "area": 673413.069, "commune": "COCODY", "nom_quar": "ALLABRA SOGEFIA", "shape_leng": 0.030845124552599999, "shape_area": 5.4970336874e-05, "commune_id": 4.0 }, "geometry": { "type": "MultiPolygon", "coordinates": [ [ [ [ -3.961079765999955, 5.355374539000024 ], [ -3.961362750999967, 5.354909397000029 ], [ -3.961488008999936, 5.354755997000041 ], [ -3.96164265699997, 5.354640428000039 ], [ -3.961818506999975, 5.354557614000043 ], [ -3.962035046999972, 5.354526182000029 ], [ -3.962231548999966, 5.354484604000049 ], [ -3.962359947999971, 5.35074589900006 ], [ -3.962903086999972, 5.350008426000045 ], [ -3.96327793699993, 5.34949960900002 ], [ -3.963398518999952, 5.349241631000041 ], [ -3.963428479999948, 5.348923870000021 ], [ -3.963471659999925, 5.347681215000023 ], [ -3.963765611999975, 5.34737943500005 ], [ -3.963943058999973, 5.347778842000025 ], [ -3.964671373999977, 5.348597420000033 ], [ -3.968114557999968, 5.35043326300007 ], [ -3.969629362999967, 5.351571697000054 ], [ -3.969691750999971, 5.352686420000055 ], [ -3.969782789999954, 5.353727605000074 ], [ -3.969828383999925, 5.355101273000059 ], [ -3.969829620999974, 5.355886508000026 ], [ -3.967375940999943, 5.356705586000032 ], [ -3.966995450999946, 5.356855432000032 ], [ -3.966332924999961, 5.35717419100007 ], [ -3.965174198999932, 5.357770740000035 ], [ -3.964717696999969, 5.358006070000044 ], [ -3.964554276999934, 5.35774288500005 ], [ -3.96444089299996, 5.357554810000067 ], [ -3.964303070999961, 5.357429525000043 ], [ -3.964089890999958, 5.357266481000067 ], [ -3.961079765999955, 5.355374539000024 ] ] ] ] } },
{ "type": "Feature", "properties": { "id": 6.0, "objectid": 7.0, "area": 258214.073, "commune": "COCODY", "nom_quar": "SOGEFIHA RIVIERA 2", "shape_leng": 0.020013844768, "shape_area": 2.1077724768000002e-05, "commune_id": 4.0 }, "geometry": { "type": "MultiPolygon", "coordinates": [ [ [ [ -3.969691750999971, 5.352686420000055 ], [ -3.970435660999954, 5.352296865000028 ], [ -3.971045919999938, 5.352102557000023 ], [ -3.971581771999979, 5.351937199000076 ], [ -3.971905981999953, 5.351868846000059 ], [ -3.972243501999969, 5.351834957000051 ], [ -3.973856116999968, 5.351687110000057 ], [ -3.975710128999935, 5.351534917000038 ], [ -3.976261114999943, 5.351489380000032 ], [ -3.976305811999964, 5.351482890000057 ], [ -3.976469757999951, 5.351459086000034 ], [ -3.976537907999955, 5.35157543400004 ], [ -3.976830263999943, 5.352582941000037 ], [ -3.977068287999941, 5.353651024000044 ], [ -3.969904318999966, 5.355863211000042 ], [ -3.969829620999974, 5.355886508000026 ], [ -3.969828383999925, 5.355101273000059 ], [ -3.969782789999954, 5.353727605000074 ], [ -3.969691750999971, 5.352686420000055 ] ] ] ] } },
{ "type": "Feature", "properties": { "id": 7.0, "objectid": 8.0, "area": 494931.383, "commune": "COCODY", "nom_quar": "COPRACI COPRIM", "shape_leng": 0.032024273654500002, "shape_area": 4.0401056933000003e-05, "commune_id": 4.0 }, "geometry": { "type": "MultiPolygon", "coordinates": [ [ [ [ -3.952906482999936, 5.348201418000031 ], [ -3.954323501999966, 5.346854866000058 ], [ -3.955212957999947, 5.347752354000022 ], [ -3.95644993999997, 5.349064813000041 ], [ -3.957765798999958, 5.35049925800007 ], [ -3.957867154999974, 5.350571461000072 ], [ -3.957975530999931, 5.350623867000024 ], [ -3.958005989999947, 5.35062438500006 ], [ -3.95800642599994, 5.350542412000038 ], [ -3.958015259999968, 5.350238252000054 ], [ -3.95802516699996, 5.349899040000025 ], [ -3.958025365999958, 5.349845334000065 ], [ -3.962903086999972, 5.350008426000045 ], [ -3.962359947999971, 5.35074589900006 ], [ -3.962231548999966, 5.354484604000049 ], [ -3.962035046999972, 5.354526182000029 ], [ -3.961818506999975, 5.354557614000043 ], [ -3.96164265699997, 5.354640428000039 ], [ -3.961488008999936, 5.354755997000041 ], [ -3.961362750999967, 5.354909397000029 ], [ -3.961079765999955, 5.355374539000024 ], [ -3.958897413999978, 5.35404717800003 ], [ -3.95853064299996, 5.353952777000075 ], [ -3.957742046999954, 5.353905391000069 ], [ -3.956359284999962, 5.353887764000035 ], [ -3.955609057999936, 5.353849926000066 ], [ -3.955346216999942, 5.35385033600005 ], [ -3.95485873399997, 5.353749901000072 ], [ -3.954606026999954, 5.353555822000033 ], [ -3.95445052599996, 5.353303363000066 ], [ -3.95439164499993, 5.352796921000049 ], [ -3.954445287999931, 5.351196960000038 ], [ -3.954430241999944, 5.350040322000041 ], [ -3.954389663999962, 5.349879267000063 ], [ -3.95426860699996, 5.349651063000067 ], [ -3.953780147999964, 5.349099497000054 ], [ -3.952906482999936, 5.348201418000031 ] ] ] ] } },
{ "type": "Feature", "properties": { "id": 8.0, "objectid": 9.0, "area": 981070.384, "commune": "COCODY", "nom_quar": "LYCEE TECHNIQUE", "shape_leng": 0.041160274736299997, "shape_area": 8.0081909334999994e-05, "commune_id": 4.0 }, "geometry": { "type": "MultiPolygon", "coordinates": [ [ [ [ -4.001693342999943, 5.354542930000036 ], [ -4.002480124999977, 5.348626137000053 ], [ -4.002557373999934, 5.348612443000036 ], [ -4.003572705999943, 5.348494328000072 ], [ -4.004172151999967, 5.348426074000031 ], [ -4.005123485999945, 5.348319367000045 ], [ -4.005685764999953, 5.34828791800004 ], [ -4.006157519999931, 5.348257183000044 ], [ -4.006689324999968, 5.348215043000039 ], [ -4.007075930999974, 5.348195753000027 ], [ -4.008166037999956, 5.348104643000056 ], [ -4.008997323999949, 5.348054094000076 ], [ -4.00946199599997, 5.34800414700004 ], [ -4.009755508999945, 5.347966918000054 ], [ -4.010061389999976, 5.347905360000027 ], [ -4.010342372999958, 5.347794661000023 ], [ -4.010599304999971, 5.347634818000074 ], [ -4.010844615999929, 5.347439379000036 ], [ -4.011091541999974, 5.347197016000052 ], [ -4.011278758999936, 5.347001673000022 ], [ -4.011555295999926, 5.346759826000039 ], [ -4.011795207999967, 5.346539522000057 ], [ -4.012044148999962, 5.346322595000061 ], [ -4.01227653199993, 5.34615487700006 ], [ -4.012572167999963, 5.346037934000037 ], [ -4.012859132999949, 5.345963969000024 ], [ -4.013323459999981, 5.345877275000021 ], [ -4.013682372999938, 5.345825238000032 ], [ -4.014050001999976, 5.345757358000071 ], [ -4.014472608999938, 5.345680908000077 ], [ -4.01484779599997, 5.345579096000051 ], [ -4.015168248999942, 5.345462676000068 ], [ -4.015474916999949, 5.345366630000058 ], [ -4.01559109699997, 5.345361915000069 ], [ -4.01505091699994, 5.345795277000036 ], [ -4.014706509999939, 5.34609376800006 ], [ -4.014552501999958, 5.34624665900003 ], [ -4.014310142999932, 5.346521238000037 ], [ -4.014136529999973, 5.346756698000036 ], [ -4.014002365999943, 5.346972305000065 ], [ -4.013904231999959, 5.347147151000058 ], [ -4.013774651999938, 5.347406846000069 ], [ -4.013709293999966, 5.347620078000034 ], [ -4.013631011999962, 5.347862164000048 ], [ -4.013564910999946, 5.348138148000032 ], [ -4.013512101999936, 5.34843672300002 ], [ -4.013491847999944, 5.348810997000044 ], [ -4.01349999699994, 5.34930733300007 ], [ -4.01354065299995, 5.349849971000026 ], [ -4.01355996999996, 5.350107159000061 ], [ -4.013570815999969, 5.35018572000007 ], [ -4.013587389999941, 5.350317977000032 ], [ -4.01359836499995, 5.35047511700003 ], [ -4.013641303999975, 5.350690998000061 ], [ -4.01365771299993, 5.350894485000026 ], [ -4.01367363199995, 5.351142633000052 ], [ -4.013675740999929, 5.351395892000028 ], [ -4.013667036999948, 5.351590376000047 ], [ -4.013613565999947, 5.352000885000052 ], [ -4.013637604999928, 5.352385261000052 ], [ -4.013665087999925, 5.352633956000034 ], [ -4.01372373099997, 5.353138688000058 ], [ -4.01370953299994, 5.35325064400007 ], [ -4.013682187999962, 5.353600056000062 ], [ -4.013664397999946, 5.353757244000064 ], [ -4.013661619999937, 5.353782687000034 ], [ -4.013576223999962, 5.353815617000066 ], [ -4.013080067999965, 5.353929501000039 ], [ -4.012729994999972, 5.354043708000063 ], [ -4.012154041999963, 5.354165637000051 ], [ -4.011651130999951, 5.354288576000044 ], [ -4.011230800999954, 5.35438141700007 ], [ -4.01093842399996, 5.354424863000077 ], [ -4.010634537999977, 5.354500552000047 ], [ -4.010184808999952, 5.35455160600003 ], [ -4.009924579999961, 5.354593869000041 ], [ -4.009545626999966, 5.354639153000051 ], [ -4.009287637999932, 5.354671801000052 ], [ -4.008838182999966, 5.354718332000061 ], [ -4.008377199999927, 5.35478523300003 ], [ -4.00804418499996, 5.354812351000021 ], [ -4.007572116999938, 5.354826695000042 ], [ -4.007202714999949, 5.354849349000062 ], [ -4.006780852999952, 5.354868698000075 ], [ -4.005989596999939, 5.354915223000035 ], [ -4.00559835599995, 5.354862159000049 ], [ -4.005231480999953, 5.354878025000062 ], [ -4.004757677999976, 5.354866930000071 ], [ -4.004479598999978, 5.354858906000061 ], [ -4.004165924999938, 5.354813629000034 ], [ -4.003692362999971, 5.354777659000035 ], [ -4.003264500999933, 5.35474952800007 ], [ -4.002786909999941, 5.354663251000034 ], [ -4.002340733999972, 5.354645890000029 ], [ -4.001792894999937, 5.354543332000048 ], [ -4.001693342999943, 5.354542930000036 ] ] ] ] } },
{ "type": "Feature", "properties": { "id": 13.0, "objectid": 14.0, "area": 646368.831, "commune": "COCODY", "nom_quar": "M'POUTO VILLAGE", "shape_leng": 0.030842545778699999, "shape_area": 5.2760713497999997e-05, "commune_id": 4.0 }, "geometry": { "type": "MultiPolygon", "coordinates": [ [ [ [ -3.952680401999942, 5.321002123000028 ], [ -3.952713636999931, 5.320975502000067 ], [ -3.952737858999967, 5.320955678000075 ], [ -3.952770530999942, 5.320929622000051 ], [ -3.952811920999977, 5.320887724000045 ], [ -3.95283528799996, 5.320861683000032 ], [ -3.952854988999945, 5.320836212000074 ], [ -3.952877508999961, 5.320810173000041 ], [ -3.952922568999952, 5.320771095000055 ], [ -3.952947084999948, 5.320759185000043 ], [ -3.952981184999942, 5.320744434000062 ], [ -3.953019231999974, 5.320729112000038 ], [ -3.953045436999957, 5.320715503000031 ], [ -3.95308149899995, 5.320692834000056 ], [ -3.953125443999966, 5.320662239000058 ], [ -3.953145438999968, 5.320644683000069 ], [ -3.953167132999965, 5.320631081000045 ], [ -3.953189671999951, 5.320617478000031 ], [ -3.953242969999962, 5.320616831000052 ], [ -3.953274274999956, 5.320618478000029 ], [ -3.953347620999978, 5.320635325000069 ], [ -3.953447745999938, 5.320644215000073 ], [ -3.953553214999943, 5.320644052000034 ], [ -3.953660691999971, 5.320665934000033 ], [ -3.953753842999959, 5.320724584000061 ], [ -3.953845846999968, 5.320770233000076 ], [ -3.953935362999971, 5.320849241000076 ], [ -3.954009333999977, 5.320905094000068 ], [ -3.954038419999961, 5.320930489000034 ], [ -3.95408810999993, 5.320968289000064 ], [ -3.954166555999961, 5.320999826000048 ], [ -3.954262210999957, 5.321036424000056 ], [ -3.954288180999924, 5.32105277900007 ], [ -3.954352538999956, 5.321092817000022 ], [ -3.954455509999946, 5.32111866300005 ], [ -3.954572044999964, 5.321162013000048 ], [ -3.954681241999936, 5.321202548000031 ], [ -3.954794113999981, 5.321248165000043 ], [ -3.954889762999926, 5.321280806000061 ], [ -3.955001785999968, 5.321324162000053 ], [ -3.955085891999943, 5.321369258000061 ], [ -3.955171711999981, 5.321427920000076 ], [ -3.955284605999964, 5.321488235000061 ], [ -3.955390127999976, 5.321522556000048 ], [ -3.955513691999954, 5.321552893000046 ], [ -3.955614991999937, 5.321591743000056 ], [ -3.955683520999969, 5.321593333000067 ], [ -3.955738356999973, 5.321493185000065 ], [ -3.95577194699996, 5.321513485000025 ], [ -3.955838549999953, 5.321546171000023 ], [ -3.955978539999933, 5.321621708000066 ], [ -3.95607001999997, 5.321693363000065 ], [ -3.956157540999925, 5.321758240000065 ], [ -3.956225278999966, 5.321795446000067 ], [ -3.956251528999928, 5.321810669000058 ], [ -3.956360722999932, 5.321848377000038 ], [ -3.956455550999976, 5.321896848000051 ], [ -3.956552065999972, 5.321941925000033 ], [ -3.956582823999952, 5.321954880000021 ], [ -3.956642359999933, 5.32197627000005 ], [ -3.956722800999955, 5.322021371000062 ], [ -3.956812276999926, 5.322073808000027 ], [ -3.956876362999935, 5.322120065000036 ], [ -3.956955981999954, 5.322180997000032 ], [ -3.957055343999968, 5.322243594000042 ], [ -3.957139194999968, 5.322305650000033 ], [ -3.957214316999966, 5.322376200000065 ], [ -3.957293943999957, 5.322442219000038 ], [ -3.957368784999971, 5.322513334000064 ], [ -3.957434877999958, 5.322580506000065 ], [ -3.957514216999925, 5.322642569000038 ], [ -3.957596644999967, 5.322696712000038 ], [ -3.957683294999981, 5.322744630000045 ], [ -3.957789680999952, 5.322790257000065 ], [ -3.957839330999946, 5.32280148600006 ], [ -3.957896314999971, 5.322813835000034 ], [ -3.958010814999966, 5.32281818000007 ], [ -3.958109287999946, 5.322853077000048 ], [ -3.958184373999927, 5.322900448000041 ], [ -3.958221394999953, 5.32295070400005 ], [ -3.958270217999939, 5.322974372000033 ], [ -3.958346133999953, 5.323011001000054 ], [ -3.958430761999978, 5.323028394000062 ], [ -3.958495936999952, 5.323049210000022 ], [ -3.958580875999928, 5.323085259000038 ], [ -3.958647456999927, 5.323103246000073 ], [ -3.958758619999969, 5.323138123000035 ], [ -3.958816467999952, 5.323162342000046 ], [ -3.95888419399995, 5.323191069000075 ], [ -3.95896350299995, 5.323233910000056 ], [ -3.95903491699994, 5.32327676400007 ], [ -3.959106327999962, 5.323318487000051 ], [ -3.95919297599994, 5.323365275000072 ], [ -3.959286952999946, 5.323410355000021 ], [ -3.959382620999975, 5.323454867000066 ], [ -3.959487322999962, 5.323505018000048 ], [ -3.959593153999947, 5.323556298000028 ], [ -3.959676143999957, 5.323608744000069 ], [ -3.959758294999972, 5.323665714000072 ], [ -3.959840712999949, 5.323712508000028 ], [ -3.959935535999932, 5.323757587000046 ], [ -3.960021320999942, 5.323793069000033 ], [ -3.960095269999954, 5.323834222000073 ], [ -3.960181063999926, 5.323876488000053 ], [ -3.960265156999981, 5.323911973000065 ], [ -3.960340783999925, 5.323944079000057 ], [ -3.960424873999955, 5.323978433000036 ], [ -3.960527855999942, 5.324011061000022 ], [ -3.960601486999963, 5.324029037000059 ], [ -3.958903386999964, 5.327390292000075 ], [ -3.958832317999963, 5.327569611000058 ], [ -3.958690485999966, 5.32794464400007 ], [ -3.95849521699995, 5.328595075000067 ], [ -3.957845740999971, 5.331135537000023 ], [ -3.957228370999928, 5.330917150000062 ], [ -3.955491088999963, 5.330295727000021 ], [ -3.952338654999949, 5.329096461000063 ], [ -3.952841238999952, 5.327662576000023 ], [ -3.952895686999966, 5.327492893000056 ], [ -3.952932593999947, 5.327285926000059 ], [ -3.953010291999931, 5.326831847000051 ], [ -3.953019235999932, 5.326779823000038 ], [ -3.953293704999965, 5.324448549000067 ], [ -3.953273391999971, 5.324259761000064 ], [ -3.953218450999941, 5.324108903000024 ], [ -3.953048882999951, 5.323139061000063 ], [ -3.952680401999942, 5.321002123000028 ] ] ] ] } },
{ "type": "Feature", "properties": { "id": 14.0, "objectid": 15.0, "area": 46833.573, "commune": "COCODY", "nom_quar": "COCODY VILLAGE", "shape_leng": 0.0081994095853000007, "shape_area": 3.822731418e-06, "commune_id": 4.0 }, "geometry": { "type": "MultiPolygon", "coordinates": [ [ [ [ -4.003854814999954, 5.324573519000069 ], [ -4.00395774499998, 5.324294361000057 ], [ -4.003480338999964, 5.324076845000036 ], [ -4.004725702999963, 5.32266069700006 ], [ -4.004755204999981, 5.322665762000042 ], [ -4.004799455999944, 5.322651557000029 ], [ -4.004840919999936, 5.322657708000065 ], [ -4.004881602999944, 5.322703998000065 ], [ -4.004922287999932, 5.322751419000042 ], [ -4.004973087999929, 5.322776210000029 ], [ -4.005002765999961, 5.32281856000003 ], [ -4.005036390999976, 5.322859774000051 ], [ -4.005079614999943, 5.322907756000063 ], [ -4.00513467299993, 5.32294950000005 ], [ -4.00518268899998, 5.322996343000057 ], [ -4.005230677999975, 5.323026792000064 ], [ -4.005284882999945, 5.323064015000057 ], [ -4.005302964999942, 5.323084902000062 ], [ -4.005332603999932, 5.323102944000027 ], [ -4.005362554999977, 5.323139641000068 ], [ -4.005387706999954, 5.323172388000046 ], [ -4.005410333999976, 5.32321418500004 ], [ -4.005455512999959, 5.323250292000068 ], [ -4.005508850999945, 5.323275079000041 ], [ -4.005566699999974, 5.323298728000054 ], [ -4.005631582999968, 5.323313321000057 ], [ -4.005634459999953, 5.323348366000062 ], [ -4.005641889999936, 5.323408277000055 ], [ -4.005653537999933, 5.323461399000053 ], [ -4.005677036999941, 5.323518457000034 ], [ -4.005703340999958, 5.323567032000028 ], [ -4.005716987999961, 5.32363484800004 ], [ -4.005726955999933, 5.323695321000059 ], [ -4.005738914999938, 5.323765967000043 ], [ -4.005758746999959, 5.323823032000064 ], [ -4.005784223999967, 5.323882914000023 ], [ -4.005818714999975, 5.323935998000024 ], [ -4.00584926199997, 5.323991914000032 ], [ -4.005864026999973, 5.324054641000032 ], [ -4.005884712999944, 5.324115662000054 ], [ -4.005905653999946, 5.324160853000024 ], [ -4.005892202999974, 5.324212884000076 ], [ -4.005884119999962, 5.324271691000035 ], [ -4.005893239999978, 5.324331034000068 ], [ -4.005914200999939, 5.324388098000043 ], [ -4.005941348999954, 5.324434975000031 ], [ -4.005971046999946, 5.324488632000055 ], [ -4.005992849999927, 5.324543432000041 ], [ -4.00599746599994, 5.324607871000069 ], [ -4.006011934999947, 5.324660987000073 ], [ -4.006042755999943, 5.32471238100004 ], [ -4.006073581999942, 5.324766036000028 ], [ -4.006097931999932, 5.324826486000063 ], [ -4.006127896999942, 5.324871662000021 ], [ -4.006172514999946, 5.324909466000065 ], [ -4.006033051999964, 5.325161261000062 ], [ -4.005765551999957, 5.325234624000075 ], [ -4.005558766999968, 5.325186344000031 ], [ -4.005351882999946, 5.32507700900004 ], [ -4.00504770799995, 5.324967833000073 ], [ -4.004427011999951, 5.32478624700002 ], [ -4.003988812999978, 5.324630932000048 ], [ -4.003854814999954, 5.324573519000069 ] ] ] ] } },
{ "type": "Feature", "properties": { "id": 23.0, "objectid": 24.0, "area": 599585.311, "commune": "COCODY", "nom_quar": "CITE DES CADRES", "shape_leng": 0.031891606958400001, "shape_area": 4.8943119343000003e-05, "commune_id": 4.0 }, "geometry": { "type": "MultiPolygon", "coordinates": [ [ [ [ -3.982308888999967, 5.354469152000036 ], [ -3.982409172999951, 5.352453049000076 ], [ -3.982204655999965, 5.35241832600002 ], [ -3.982175369999936, 5.352091617000042 ], [ -3.982255985999927, 5.352066613000034 ], [ -3.990160961999948, 5.349846883000055 ], [ -3.991137683999966, 5.349604821000071 ], [ -3.992174580999972, 5.349347843000032 ], [ -3.992517387999953, 5.349272666000047 ], [ -3.993052937999948, 5.34927745300007 ], [ -3.993502410999952, 5.349242806000063 ], [ -3.993909957999961, 5.34926645500002 ], [ -3.993929808999951, 5.34927035000004 ], [ -3.994491783999933, 5.354229552000049 ], [ -3.994311419999974, 5.354257025000038 ], [ -3.994033112999944, 5.354282916000045 ], [ -3.993644891999963, 5.354353080000067 ], [ -3.992765769999949, 5.354478309000058 ], [ -3.991631398999971, 5.354588687000046 ], [ -3.991100428999971, 5.354629119000037 ], [ -3.990721987999962, 5.354644429000075 ], [ -3.990544317999934, 5.354644151000059 ], [ -3.989179362999948, 5.35464465900003 ], [ -3.989038340999969, 5.35463584200005 ], [ -3.988730668999949, 5.354640861000064 ], [ -3.982308888999967, 5.354469152000036 ] ] ] ] } },
{ "type": "Feature", "properties": { "id": 42.0, "objectid": 43.0, "area": 310989.451, "commune": "COCODY", "nom_quar": "PALMERAIS GENIE 2000", "shape_leng": 0.020806335934200001, "shape_area": 2.5387108134e-05, "commune_id": 4.0 }, "geometry": { "type": "MultiPolygon", "coordinates": [ [ [ [ -3.932194144999926, 5.371830565000039 ], [ -3.932672730999968, 5.371701299000051 ], [ -3.936884908999957, 5.370685756000057 ], [ -3.938512679999974, 5.370216922000054 ], [ -3.939432840999928, 5.374016355000037 ], [ -3.933312740999952, 5.375699329000042 ], [ -3.932194144999926, 5.371830565000039 ] ] ] ] } },
{ "type": "Feature", "properties": { "id": 29.0, "objectid": 30.0, "area": 13624604.739, "commune": "COCODY", "nom_quar": "ANGRE", "shape_leng": 0.159225253904, "shape_area": 0.00111227207536, "commune_id": 4.0 }, "geometry": { "type": "MultiPolygon", "coordinates": [ [ [ [ -3.976203188999932, 5.392361279000056 ], [ -3.982077444999959, 5.390044838000051 ], [ -3.983179807999932, 5.390717563000067 ], [ -3.983129445999964, 5.391366447000053 ], [ -3.990393188999974, 5.392228660000058 ], [ -3.992228357999977, 5.392390745000057 ], [ -3.992411703999949, 5.392405710000048 ], [ -3.995403274999944, 5.392782416000045 ], [ -3.997007491999966, 5.392964085000074 ], [ -3.996229912999979, 5.399355170000035 ], [ -3.995842044999961, 5.402078952000068 ], [ -3.995423781999932, 5.405017040000075 ], [ -3.996766625999953, 5.405225702000052 ], [ -3.996830664999948, 5.405235773000072 ], [ -3.991888683999946, 5.415397021000047 ], [ -3.990598701999943, 5.418049354000061 ], [ -3.984868301999938, 5.429830950000053 ], [ -3.983790228999965, 5.43204763500006 ], [ -3.978781527999956, 5.442345197000066 ], [ -3.978232773999935, 5.443473340000025 ], [ -3.975178464999942, 5.449752630000035 ], [ -3.968942548999962, 5.446094749000054 ], [ -3.96083983699998, 5.428848995000067 ], [ -3.969765963999976, 5.419957654000029 ], [ -3.973633500999938, 5.416730925000024 ], [ -3.973374818999957, 5.409547104000069 ], [ -3.974189408999962, 5.403682798000034 ], [ -3.973032972999931, 5.401867948000074 ], [ -3.969979095999975, 5.398569732000055 ], [ -3.970302506999928, 5.394688071000076 ], [ -3.976203188999932, 5.392361279000056 ] ] ] ] } },
{ "type": "Feature", "properties": { "id": 10.0, "objectid": 11.0, "area": 888098.264, "commune": "COCODY", "nom_quar": "LA CANEBIERE", "shape_leng": 0.051228371678500001, "shape_area": 7.2491630161999995e-05, "commune_id": 4.0 }, "geometry": { "type": "MultiPolygon", "coordinates": [ [ [ [ -4.010442246999958, 5.335934112000075 ], [ -4.010506222999936, 5.335910263000073 ], [ -4.010505302999945, 5.335865039000055 ], [ -4.010503541999981, 5.335822643000029 ], [ -4.010503465999932, 5.335776287000044 ], [ -4.010505112999965, 5.335748584000044 ], [ -4.010509575999947, 5.335718615000076 ], [ -4.010519396999939, 5.335688637000032 ], [ -4.010543883999958, 5.335659765000059 ], [ -4.010546331999933, 5.335604360000048 ], [ -4.010550737999949, 5.335539341000072 ], [ -4.010567877999961, 5.335501437000062 ], [ -4.010602183999936, 5.335441457000059 ], [ -4.010627217999968, 5.335401843000056 ], [ -4.01066521499996, 5.335356555000033 ], [ -4.010684914999956, 5.335332214000061 ], [ -4.010734456999955, 5.335276166000028 ], [ -4.01079219199994, 5.335229715000025 ], [ -4.010819254999944, 5.335224018000076 ], [ -4.010813954999946, 5.33525964100005 ], [ -4.010801328999946, 5.335298669000053 ], [ -4.010796856999946, 5.335323550000055 ], [ -4.01077973799994, 5.335374457000057 ], [ -4.010757286999933, 5.335441202000027 ], [ -4.010765516999925, 5.335472846000073 ], [ -4.010799685999928, 5.335501056000055 ], [ -4.010816087999956, 5.335529295000072 ], [ -4.010804343999951, 5.335590369000045 ], [ -4.01075310799996, 5.33564472300003 ], [ -4.010720676999938, 5.335644777000027 ], [ -4.010690778999958, 5.335641434000024 ], [ -4.010645641999929, 5.335631332000048 ], [ -4.01061490799998, 5.335634209000034 ], [ -4.010589013999947, 5.335665344000063 ], [ -4.010575512999935, 5.335686849000069 ], [ -4.010593612999969, 5.335718477000057 ], [ -4.010617881999963, 5.335728613000072 ], [ -4.010650325999961, 5.335736474000043 ], [ -4.010696302999975, 5.335742617000051 ], [ -4.010729014999924, 5.335742563000053 ], [ -4.010765108999976, 5.335740808000025 ], [ -4.010805707999964, 5.335734523000042 ], [ -4.010872250999967, 5.335728760000052 ], [ -4.010883312999965, 5.33576774900007 ], [ -4.010909588999937, 5.335797668000055 ], [ -4.010935540999981, 5.335802147000038 ], [ -4.010932921999938, 5.335752969000055 ], [ -4.010943546999954, 5.335696985000027 ], [ -4.010954509999976, 5.335675485000024 ], [ -4.01096685899995, 5.335639284000024 ], [ -4.010985954999967, 5.335590070000023 ], [ -4.011022020999974, 5.33557135500007 ], [ -4.011058943999956, 5.335559423000063 ], [ -4.011108526999976, 5.335528814000043 ], [ -4.011131045999946, 5.335503903000074 ], [ -4.011148202999948, 5.335476174000064 ], [ -4.011164171999951, 5.335411702000044 ], [ -4.011179614999946, 5.335370408000074 ], [ -4.011216485999967, 5.335326818000055 ], [ -4.011273181999968, 5.335334639000052 ], [ -4.011296839999943, 5.335315945000048 ], [ -4.011321036999959, 5.335281986000041 ], [ -4.011337352999931, 5.335257650000074 ], [ -4.011361553999961, 5.335225953000077 ], [ -4.011382387999959, 5.335205002000066 ], [ -4.011416464999968, 5.335177245000068 ], [ -4.011446317999969, 5.335152887000049 ], [ -4.011475885999971, 5.335127399000044 ], [ -4.011511082999959, 5.335094553000033 ], [ -4.011532762999934, 5.335073601000033 ], [ -4.011564297999939, 5.335043022000036 ], [ -4.011586826999974, 5.335023764000027 ], [ -4.011622875999933, 5.334994873000028 ], [ -4.011671598999953, 5.334955786000023 ], [ -4.011696661999963, 5.334934263000036 ], [ -4.011724823999941, 5.334910473000036 ], [ -4.011755242999925, 5.334887810000055 ], [ -4.011796942999979, 5.334865129000036 ], [ -4.01183104699993, 5.334853766000037 ], [ -4.011860081999941, 5.33484693500003 ], [ -4.011920382999961, 5.334817439000062 ], [ -4.011944597999957, 5.334794787000021 ], [ -4.011964576999958, 5.33476818400004 ], [ -4.011995255999977, 5.334731953000073 ], [ -4.012021154999957, 5.334704210000041 ], [ -4.012048185999959, 5.33467872600005 ], [ -4.012073531999931, 5.334657767000067 ], [ -4.012098882999965, 5.33463963500003 ], [ -4.012132124999937, 5.334618664000061 ], [ -4.012174392999952, 5.334598808000067 ], [ -4.012221452999938, 5.334577249000063 ], [ -4.012273585999935, 5.334554550000064 ], [ -4.012302602999966, 5.334536412000034 ], [ -4.012330491999933, 5.33451827600004 ], [ -4.012354721999941, 5.334504669000069 ], [ -4.012386274999926, 5.334485396000048 ], [ -4.012428812999929, 5.334458191000067 ], [ -4.012494445999948, 5.334412857000075 ], [ -4.012553048999962, 5.334379972000022 ], [ -4.012600995999946, 5.334383851000041 ], [ -4.012645277999979, 5.334388300000057 ], [ -4.012753606999979, 5.334412431000032 ], [ -4.012792246999936, 5.334415759000024 ], [ -4.01287009999993, 5.33442750200004 ], [ -4.012897173999932, 5.334428589000026 ], [ -4.012936658999934, 5.334431350000045 ], [ -4.012980938999931, 5.334434669000075 ], [ -4.013085587999967, 5.334449760000041 ], [ -4.01318149399998, 5.334464866000076 ], [ -4.013234534999981, 5.334479477000059 ], [ -4.013304223999967, 5.334500279000054 ], [ -4.013378146999969, 5.334523335000029 ], [ -4.013456884999925, 5.33455882100003 ], [ -4.013507405999974, 5.334584742000061 ], [ -4.013559623999924, 5.33461348700007 ], [ -4.013628496999956, 5.334652381000069 ], [ -4.013697935999971, 5.334692404000066 ], [ -4.013733216999981, 5.334711001000073 ], [ -4.013816194999947, 5.334753263000039 ], [ -4.013911894999978, 5.334814160000064 ], [ -4.013951704999954, 5.334842926000022 ], [ -4.013990669999941, 5.334872823000069 ], [ -4.014027665999947, 5.334904985000037 ], [ -4.014064669999925, 5.334942801000068 ], [ -4.014104488999976, 5.334977219000052 ], [ -4.014133304999973, 5.335008264000066 ], [ -4.01415874099996, 5.33504214200002 ], [ -4.014186718999952, 5.335078276000047 ], [ -4.014203133999956, 5.335114429000043 ], [ -4.014227482999956, 5.335173182000062 ], [ -4.014253838999934, 5.335252283000045 ], [ -4.014271962999942, 5.335298044000069 ], [ -4.014292914999942, 5.335349453000049 ], [ -4.014312722999932, 5.335390124000071 ], [ -4.014348105999943, 5.335470906000069 ], [ -4.014384335999978, 5.33555225200007 ], [ -4.014416021999978, 5.335613819000059 ], [ -4.014433291999978, 5.335655059000032 ], [ -4.014470371999948, 5.335739230000058 ], [ -4.014489327999968, 5.335776510000073 ], [ -4.014522683999928, 5.335825072000034 ], [ -4.014579749999939, 5.335886598000059 ], [ -4.014629456999955, 5.335931741000024 ], [ -4.014691920999951, 5.336017567000056 ], [ -4.014715399999943, 5.336061623000035 ], [ -4.014755324999953, 5.336160487000029 ], [ -4.014766959999974, 5.336204563000024 ], [ -4.014815951999935, 5.336329417000059 ], [ -4.014848441999959, 5.336365544000046 ], [ -4.014869355999963, 5.33639321000004 ], [ -4.014859521999938, 5.336415274000046 ], [ -4.014798059999976, 5.336424420000071 ], [ -4.014773784999932, 5.33641089300005 ], [ -4.014750348999939, 5.336392841000077 ], [ -4.014728616999946, 5.336382136000054 ], [ -4.014673660999961, 5.336403709000024 ], [ -4.014642969999954, 5.336432591000062 ], [ -4.014576232999957, 5.336492625000062 ], [ -4.014545561999967, 5.33653337800007 ], [ -4.014493526999956, 5.336616566000032 ], [ -4.014471862999926, 5.336647129000028 ], [ -4.014454180999962, 5.33669860200007 ], [ -4.014505165999935, 5.336662902000057 ], [ -4.014567411999963, 5.336616444000072 ], [ -4.014635848999944, 5.336560930000076 ], [ -4.014679184999977, 5.33650489200005 ], [ -4.014724215999934, 5.336449982000033 ], [ -4.014757490999955, 5.33644879600007 ], [ -4.014807982999969, 5.336456627000075 ], [ -4.014837045999968, 5.33646675500006 ], [ -4.014850621999926, 5.336491041000045 ], [ -4.014839700999971, 5.336537981000049 ], [ -4.014838940999937, 5.336590556000033 ], [ -4.014838994999934, 5.336623345000021 ], [ -4.014842707999946, 5.336652170000036 ], [ -4.014841908999927, 5.336680437000041 ], [ -4.014845630999957, 5.336714350000022 ], [ -4.014868367999952, 5.336822288000064 ], [ -4.014872946999958, 5.336862984000049 ], [ -4.014873016999957, 5.336905382000054 ], [ -4.014871104999941, 5.336943262000034 ], [ -4.014866662999964, 5.336985668000068 ], [ -4.014861378999967, 5.337030902000038 ], [ -4.01484960199997, 5.337071624000032 ], [ -4.014836143999958, 5.337119699000027 ], [ -4.014823795999973, 5.337155899000038 ], [ -4.014807504999965, 5.337196064000068 ], [ -4.014785864999965, 5.337241325000036 ], [ -4.014760820999925, 5.337274720000039 ], [ -4.014737184999944, 5.337306417000036 ], [ -4.014713838999967, 5.337343201000067 ], [ -4.014688808999949, 5.337385076000032 ], [ -4.014669699999956, 5.33742581000007 ], [ -4.014652862999981, 5.337476717000072 ], [ -4.014655525999956, 5.337552465000044 ], [ -4.014668287999939, 5.33759653900006 ], [ -4.014659345999974, 5.337646301000063 ], [ -4.01464051499994, 5.337685339000075 ], [ -4.014618845999962, 5.337712510000074 ], [ -4.014596345999962, 5.337749859000041 ], [ -4.014582015999963, 5.337781540000037 ], [ -4.01456656299996, 5.337816050000072 ], [ -4.014558738999938, 5.337860158000069 ], [ -4.014550616999941, 5.337894655000071 ], [ -4.014532617999976, 5.337924647000023 ], [ -4.014512617999969, 5.337938248000057 ], [ -4.014493760999926, 5.337960891000023 ], [ -4.014483109999958, 5.338000481000051 ], [ -4.014480375999938, 5.33805306000005 ], [ -4.014496851999979, 5.338125959000024 ], [ -4.014528569999925, 5.338206747000072 ], [ -4.014570214999935, 5.33832256900007 ], [ -4.014571127999943, 5.338363835000052 ], [ -4.014568673999975, 5.338414718000024 ], [ -4.014572158999954, 5.338476332000027 ], [ -4.014569680999955, 5.338512516000037 ], [ -4.014561648999972, 5.338601850000032 ], [ -4.01455895099997, 5.338675911000053 ], [ -4.014575442999956, 5.338758420000033 ], [ -4.014585380999961, 5.33879967200005 ], [ -4.014594478999925, 5.338844882000046 ], [ -4.014589177999937, 5.338879376000023 ], [ -4.014563863999967, 5.338920120000068 ], [ -4.014543344999936, 5.338960857000075 ], [ -4.014541411999971, 5.338986300000045 ], [ -4.014543430999936, 5.339013431000069 ], [ -4.014567767999949, 5.339064835000045 ], [ -4.014600317999964, 5.339137142000027 ], [ -4.014610535999964, 5.339177263000067 ], [ -4.014624197999979, 5.339254124000036 ], [ -4.014635834999979, 5.339299330000074 ], [ -4.014684683999974, 5.339337125000043 ], [ -4.01471347699993, 5.339354037000021 ], [ -4.014738052999974, 5.339379436000058 ], [ -4.014755302999959, 5.339408239000022 ], [ -4.014770591999934, 5.339445525000031 ], [ -4.01481129299998, 5.339501424000048 ], [ -4.014842942999962, 5.339540944000021 ], [ -4.014867245999937, 5.339571996000075 ], [ -4.014925154999958, 5.339631259000043 ], [ -4.014987582999936, 5.339694472000076 ], [ -4.015035529999977, 5.339698350000049 ], [ -4.015035483999952, 5.339670084000034 ], [ -4.015025281999954, 5.339640139000039 ], [ -4.015014503999964, 5.339602280000065 ], [ -4.015003730999979, 5.33956781400002 ], [ -4.014987316999964, 5.339532791000067 ], [ -4.014968365999948, 5.339498338000055 ], [ -4.014943778999964, 5.339466721000065 ], [ -4.014906778999944, 5.339431732000037 ], [ -4.014883329999975, 5.339406332000067 ], [ -4.014863552999941, 5.33938375200006 ], [ -4.01483349199998, 5.339281479000022 ], [ -4.01482434299993, 5.339205741000058 ], [ -4.01482131299997, 5.339077984000028 ], [ -4.014818695999963, 5.339029937000021 ], [ -4.014817777999951, 5.338985843000046 ], [ -4.014816579999945, 5.33894344600003 ], [ -4.014827432999937, 5.338854674000061 ], [ -4.014875103999941, 5.33886194400003 ], [ -4.014937491999945, 5.338901413000031 ], [ -4.014980125999955, 5.338932435000061 ], [ -4.01501260699996, 5.338962909000031 ], [ -4.015049610999938, 5.339000159000022 ], [ -4.015085774999932, 5.33904136700005 ], [ -4.015147372999934, 5.339114757000061 ], [ -4.015197136999973, 5.339194385000042 ], [ -4.01524692299995, 5.339287014000035 ], [ -4.015263923999953, 5.339336169000035 ], [ -4.015278655999964, 5.339377413000022 ], [ -4.015295634999973, 5.339413 ], [ -4.015323877999947, 5.339438958000073 ], [ -4.015370768999958, 5.33948580200007 ], [ -4.015386041999932, 5.339512912000032 ], [ -4.015404134999926, 5.339540017000047 ], [ -4.015425919999927, 5.339582945000075 ], [ -4.01544038399993, 5.339632669000025 ], [ -4.01543434599995, 5.339733871000021 ], [ -4.015425415999971, 5.339790983000057 ], [ -4.015412021999964, 5.339877499000067 ], [ -4.01541130499993, 5.339956079000046 ], [ -4.015413938999927, 5.340014303000032 ], [ -4.015418569999952, 5.34008665600004 ], [ -4.015426028999968, 5.340164092000066 ], [ -4.015428947999965, 5.340224011000032 ], [ -4.015436071999943, 5.340269224000053 ], [ -4.015461583999979, 5.340348892000065 ], [ -4.015476043999968, 5.34039578900007 ], [ -4.015511440999944, 5.34048505100003 ], [ -4.015620559999945, 5.340474130000075 ], [ -4.015600766999967, 5.340441939000073 ], [ -4.015592535999929, 5.340410295000027 ], [ -4.015587927999945, 5.340351510000062 ], [ -4.015580528999976, 5.340311384000074 ], [ -4.015572303999932, 5.340282567000031 ], [ -4.015539818999969, 5.34024983200004 ], [ -4.015523710999958, 5.34022950700006 ], [ -4.01551548499998, 5.340200124000035 ], [ -4.015538788999947, 5.340137901000048 ], [ -4.015546929999971, 5.340115275000073 ], [ -4.015542355999969, 5.340077406000034 ], [ -4.015533257999948, 5.340032761000032 ], [ -4.015522199999964, 5.339996599000074 ], [ -4.015517582999962, 5.339932726000029 ], [ -4.015536729999951, 5.339914604000057 ], [ -4.015558122999948, 5.339890825000055 ], [ -4.015569932999938, 5.339869889000056 ], [ -4.015594159999978, 5.339854585000069 ], [ -4.015633991999948, 5.339896353000029 ], [ -4.015652087999968, 5.339925154000071 ], [ -4.015680051999936, 5.339952809000067 ], [ -4.015714395999964, 5.340429880000045 ], [ -4.01582573099995, 5.341251668000041 ], [ -4.016485293999949, 5.341220050000061 ], [ -4.017129706999981, 5.341235943000072 ], [ -4.017600438999978, 5.341273605000026 ], [ -4.017579317999946, 5.341805039000064 ], [ -4.017573475999939, 5.342195683000057 ], [ -4.017547745999934, 5.342496474000029 ], [ -4.017497785999979, 5.342812004000052 ], [ -4.017440397999962, 5.343068753000068 ], [ -4.017341575999978, 5.34333857300004 ], [ -4.01724547699996, 5.343549596000059 ], [ -4.017162825999947, 5.343706891000068 ], [ -4.017082723999977, 5.343870965000065 ], [ -4.016865785999926, 5.344168682000031 ], [ -4.016743095999971, 5.34433 ], [ -4.016576452999971, 5.344515700000045 ], [ -4.016411723999965, 5.344665217000056 ], [ -4.016150372999959, 5.344879339000045 ], [ -4.01559109699997, 5.345361915000069 ], [ -4.015474916999949, 5.345366630000058 ], [ -4.015168248999942, 5.345462676000068 ], [ -4.01484779599997, 5.345579096000051 ], [ -4.014472608999938, 5.345680908000077 ], [ -4.014050001999976, 5.345757358000071 ], [ -4.013682372999938, 5.345825238000032 ], [ -4.013323459999981, 5.345877275000021 ], [ -4.012859132999949, 5.345963969000024 ], [ -4.012572167999963, 5.346037934000037 ], [ -4.01227653199993, 5.34615487700006 ], [ -4.012044148999962, 5.346322595000061 ], [ -4.011795207999967, 5.346539522000057 ], [ -4.011555295999926, 5.346759826000039 ], [ -4.011278758999936, 5.347001673000022 ], [ -4.011091541999974, 5.347197016000052 ], [ -4.010844615999929, 5.347439379000036 ], [ -4.010599304999971, 5.347634818000074 ], [ -4.010342372999958, 5.347794661000023 ], [ -4.010061389999976, 5.347905360000027 ], [ -4.009755508999945, 5.347966918000054 ], [ -4.00946199599997, 5.34800414700004 ], [ -4.008997323999949, 5.348054094000076 ], [ -4.008166037999956, 5.348104643000056 ], [ -4.007075930999974, 5.348195753000027 ], [ -4.006689324999968, 5.348215043000039 ], [ -4.00616137399993, 5.34733514100003 ], [ -4.00892311399997, 5.345615996000049 ], [ -4.008607919999974, 5.345500623000021 ], [ -4.00853159899998, 5.345046798000055 ], [ -4.009641317999979, 5.342640673000062 ], [ -4.009698839999942, 5.341773945000057 ], [ -4.009468163999941, 5.341605294000033 ], [ -4.009090024999978, 5.341453844000057 ], [ -4.008612769999957, 5.341394139000045 ], [ -4.008334956999931, 5.341372547000049 ], [ -4.008176162999973, 5.341358110000044 ], [ -4.008280725999953, 5.341320062000023 ], [ -4.008486502999972, 5.341266019000045 ], [ -4.008808981999948, 5.341181257000073 ], [ -4.010186191999935, 5.340937603000043 ], [ -4.010268739999958, 5.340888850000056 ], [ -4.010334003999958, 5.340789812000025 ], [ -4.010351075999949, 5.340710074000071 ], [ -4.010347542999966, 5.340619063000076 ], [ -4.010303399999941, 5.340527554000062 ], [ -4.010273025999936, 5.340406061000067 ], [ -4.010298863999935, 5.340340441000023 ], [ -4.010338515999933, 5.340272538000022 ], [ -4.010401522999928, 5.340173504000063 ], [ -4.010523707999937, 5.340047237000022 ], [ -4.010644178999939, 5.33990797000007 ], [ -4.010789967999926, 5.339730220000035 ], [ -4.010924983999928, 5.33951800400007 ], [ -4.011020869999925, 5.339348251000047 ], [ -4.011092369999972, 5.339096566000023 ], [ -4.01116882599996, 5.338599526000053 ], [ -4.011097605999964, 5.338333378000073 ], [ -4.010990796999977, 5.338032238000039 ], [ -4.010777437999934, 5.337588249000021 ], [ -4.010442246999958, 5.335934112000075 ] ] ] ] } },
{ "type": "Feature", "properties": { "id": 22.0, "objectid": 23.0, "area": 485246.893, "commune": "COCODY", "nom_quar": "ECOLE DE GENDARMERIE", "shape_leng": 0.0268442476873, "shape_area": 3.9609544335e-05, "commune_id": 4.0 }, "geometry": { "type": "MultiPolygon", "coordinates": [ [ [ [ -3.998059085999955, 5.354063248000045 ], [ -3.997862190999967, 5.354033041000037 ], [ -3.997292534999929, 5.354041883000036 ], [ -3.996907564999958, 5.354029506000074 ], [ -3.996318812999959, 5.354088126000022 ], [ -3.995787788999962, 5.354094642000064 ], [ -3.994889126999965, 5.354169028000058 ], [ -3.994491783999933, 5.354229552000049 ], [ -3.993929808999951, 5.34927035000004 ], [ -3.994332828999973, 5.349349437000058 ], [ -3.994689920999974, 5.349388431000023 ], [ -3.995038000999955, 5.34943591800004 ], [ -3.995411167999976, 5.349475451000046 ], [ -3.995784586999946, 5.349496327000054 ], [ -3.99611533999996, 5.349466394000046 ], [ -3.996551021999949, 5.349449292000031 ], [ -3.996791567999935, 5.34941845000003 ], [ -3.996966339999972, 5.349396042000023 ], [ -3.997322707999956, 5.349336670000071 ], [ -3.997738030999926, 5.349285681000026 ], [ -3.99806904299993, 5.349242178000054 ], [ -3.998402314999964, 5.34920093300002 ], [ -3.998651000999928, 5.349170566000055 ], [ -3.998970976999942, 5.349103903000071 ], [ -3.999507016999928, 5.349063457000057 ], [ -4.000372554999956, 5.348915629000032 ], [ -4.000788153999963, 5.348861811000063 ], [ -4.001128182999935, 5.348814335000043 ], [ -4.001443145999929, 5.34878668500005 ], [ -4.001707893999935, 5.348748942000043 ], [ -4.001988716999961, 5.34871173800002 ], [ -4.002480124999977, 5.348626137000053 ], [ -4.001693342999943, 5.354542930000036 ], [ -4.001494753999964, 5.354511596000066 ], [ -4.001103026999942, 5.354506583000045 ], [ -4.000948164999954, 5.354484223000043 ], [ -4.000736871999948, 5.354444996000041 ], [ -4.000568746999932, 5.35441756900002 ], [ -4.00028690399995, 5.354350191000037 ], [ -4.000043984999934, 5.354285576000052 ], [ -3.999689391999937, 5.354223969000032 ], [ -3.999407322999957, 5.354190510000024 ], [ -3.999183965999975, 5.354189743000063 ], [ -3.998940533999928, 5.354156786000033 ], [ -3.998631372999967, 5.354112064000049 ], [ -3.998271495999973, 5.354095691000055 ], [ -3.998059085999955, 5.354063248000045 ] ] ] ] } },
{ "type": "Feature", "properties": { "id": 15.0, "objectid": 16.0, "area": 201451.335, "commune": "COCODY", "nom_quar": "BLOCKAUSS", "shape_leng": 0.0216426603036, "shape_area": 1.6443227942e-05, "commune_id": 4.0 }, "geometry": { "type": "MultiPolygon", "coordinates": [ [ [ [ -3.996804665999946, 5.324176768000029 ], [ -3.996828315999949, 5.324152987000048 ], [ -3.996850802999973, 5.324107725000033 ], [ -3.996886005999954, 5.324078271000076 ], [ -3.996936448999975, 5.324056142000074 ], [ -3.996992259999956, 5.324040788000048 ], [ -3.997056531999931, 5.324025420000055 ], [ -3.997116864999953, 5.324016278000045 ], [ -3.997182831999964, 5.324003168000047 ], [ -3.997244856999941, 5.323993458000075 ], [ -3.997308024999938, 5.323993355000027 ], [ -3.997360457999946, 5.323981399000047 ], [ -3.997415406999949, 5.32395587000002 ], [ -3.997469491999937, 5.323919037000053 ], [ -3.99751651899993, 5.32387712700006 ], [ -3.997559611999975, 5.323844269000062 ], [ -3.997607499999958, 5.32381196800003 ], [ -3.997654263999948, 5.323781930000052 ], [ -3.997693113999958, 5.323741164000069 ], [ -3.997722653999972, 5.323697587000026 ], [ -3.997761521999962, 5.323667562000026 ], [ -3.997812840999927, 5.323664087000054 ], [ -3.997872596999969, 5.323647031000064 ], [ -3.997931217999962, 5.32362488800004 ], [ -3.997987860999956, 5.323600488000068 ], [ -3.99803942799997, 5.323576095000021 ], [ -3.998094366999965, 5.323544914000024 ], [ -3.998141973999964, 5.323512613000048 ], [ -3.998184494999975, 5.323475233000067 ], [ -3.998232101999974, 5.323443498000074 ], [ -3.998280854999962, 5.323422502000028 ], [ -3.998307857999976, 5.323380060000034 ], [ -3.998324993999972, 5.323338763000038 ], [ -3.998354820999964, 5.32329857700006 ], [ -3.998387194999964, 5.323263475000033 ], [ -3.998433945999977, 5.323225523000076 ], [ -3.998483531999966, 5.323197176000065 ], [ -3.998528613999952, 5.323173360000055 ], [ -3.998572009999975, 5.323153503000071 ], [ -3.998617070999956, 5.323117250000053 ], [ -3.99865764599997, 5.323096267000039 ], [ -3.99870270699995, 5.323060014000021 ], [ -3.998751441999957, 5.323028277000049 ], [ -3.998799905999931, 5.323003324000069 ], [ -3.998838759999956, 5.322964819000049 ], [ -3.998865760999934, 5.322920681000028 ], [ -3.998903487999939, 5.322882743000036 ], [ -3.998964073999957, 5.322855510000068 ], [ -3.999018164999939, 5.322822633000044 ], [ -3.99907845499996, 5.322786355000062 ], [ -3.999132542999973, 5.322751783000058 ], [ -3.999179582999943, 5.322718353000027 ], [ -3.999218994999978, 5.322675890000028 ], [ -3.999250509999968, 5.322633440000061 ], [ -3.999285698999927, 5.322595506000027 ], [ -3.999318077999931, 5.322563796000054 ], [ -3.999356946999967, 5.322534336000047 ], [ -3.99938848599993, 5.322506584000052 ], [ -3.999411835999979, 5.322472062000031 ], [ -3.999447878999945, 5.322439215000031 ], [ -3.999474884999927, 5.322398468000074 ], [ -3.999515449999933, 5.322371267000051 ], [ -3.999569565999934, 5.322354219000033 ], [ -3.999613801999942, 5.32233040400007 ], [ -3.99965154299997, 5.322301512000024 ], [ -3.999692098999958, 5.322269222000045 ], [ -3.999727348999954, 5.322269165000023 ], [ -3.999767983999959, 5.322286059000021 ], [ -3.999802384999953, 5.322284307000075 ], [ -3.999827434999929, 5.322254305000058 ], [ -3.999867993999942, 5.322223712000039 ], [ -3.999924940999961, 5.322213443000066 ], [ -3.999977380999951, 5.32220600900007 ], [ -4.000033190999943, 5.322189524000066 ], [ -4.000078273999975, 5.322166839000033 ], [ -4.000110688999939, 5.322157741000069 ], [ -4.000136840999971, 5.322111907000021 ], [ -4.00015654699996, 5.322090959000036 ], [ -4.000194571999941, 5.322062631000051 ], [ -4.000237679999941, 5.32203938300006 ], [ -4.000294609999969, 5.322018374000038 ], [ -4.000348724999981, 5.322000196000033 ], [ -4.000407355999926, 5.321984837000059 ], [ -4.000460609999948, 5.321957615000031 ], [ -4.000513901999966, 5.321953571000051 ], [ -4.000557902999958, 5.321959153000023 ], [ -4.000595930999964, 5.321933652000041 ], [ -4.000646379999978, 5.32191548000003 ], [ -4.00070051199998, 5.321908043000064 ], [ -4.000762817999941, 5.321898331000057 ], [ -4.000820615999942, 5.321890888000041 ], [ -4.000845706999939, 5.321886325000037 ], [ -4.000911672999962, 5.321872650000046 ], [ -4.000979340999947, 5.321865191000029 ], [ -4.001056881999943, 5.321859977000031 ], [ -4.001125400999967, 5.321855344000028 ], [ -4.001182341999936, 5.321841684000049 ], [ -4.001229127999977, 5.321825213000068 ], [ -4.001294255999937, 5.321816628000022 ], [ -4.001347260999978, 5.321809758000029 ], [ -4.001372633999949, 5.321805759000029 ], [ -4.001423088999957, 5.321791544000064 ], [ -4.001477201999933, 5.321772236000072 ], [ -4.001526783999964, 5.321741628000041 ], [ -4.001555774999929, 5.321707096000068 ], [ -4.001595208999959, 5.321678766000048 ], [ -4.001650457999972, 5.321664543000054 ], [ -4.001700884999934, 5.32163336900004 ], [ -4.001750455999968, 5.321595412000022 ], [ -4.001791852999929, 5.32156029500004 ], [ -4.001839736999955, 5.321525732000055 ], [ -4.001883647999932, 5.321475913000029 ], [ -4.001926166999965, 5.321436837000022 ], [ -4.001971281999943, 5.321433937000052 ], [ -4.001981961999945, 5.321411307000062 ], [ -4.002012665999928, 5.32139034000005 ], [ -4.002048757999944, 5.321388020000029 ], [ -4.002100095999936, 5.321396982000067 ], [ -4.002156233999926, 5.321409327000026 ], [ -4.002205906999961, 5.321434686000032 ], [ -4.002258142999949, 5.321475304000046 ], [ -4.002291774999946, 5.32152104100004 ], [ -4.002306248999957, 5.321578114000033 ], [ -4.002313672999946, 5.32163520000006 ], [ -4.002313784999956, 5.321704169000043 ], [ -4.002321768999934, 5.321758426000031 ], [ -4.00230662499996, 5.321810461000041 ], [ -4.002289507999933, 5.321863063000023 ], [ -4.002291553999953, 5.32190772000007 ], [ -4.002308525999979, 5.321939351000026 ], [ -4.002335609999932, 5.321947221000073 ], [ -4.002364602999933, 5.321914385000071 ], [ -4.002395274999969, 5.321873632000063 ], [ -4.002411269999925, 5.321824989000049 ], [ -4.002432897999938, 5.321771814000044 ], [ -4.002458193999928, 5.321719763000033 ], [ -4.002491395999925, 5.321673918000045 ], [ -4.002522064999937, 5.321631469000067 ], [ -4.002552711999954, 5.321574887000054 ], [ -4.002573208999934, 5.321520018000058 ], [ -4.002573147999954, 5.32148270700003 ], [ -4.002551382999968, 5.321451084000046 ], [ -4.002516381999953, 5.321430224000039 ], [ -4.002479170999948, 5.321438765000039 ], [ -4.002446804999977, 5.321477824000056 ], [ -4.002416074999928, 5.321482962000061 ], [ -4.002417139999977, 5.321443953000028 ], [ -4.002428632999965, 5.321401536000053 ], [ -4.002415019999944, 5.321353506000037 ], [ -4.002395229999934, 5.321323010000071 ], [ -4.002412400999958, 5.32130376200007 ], [ -4.002441183999963, 5.321315587000072 ], [ -4.002480114999969, 5.321324568000023 ], [ -4.002523276999966, 5.32133467400007 ], [ -4.002550352999947, 5.321337457000027 ], [ -4.002597454999943, 5.321342468000068 ], [ -4.002643435999971, 5.321351438000022 ], [ -4.002684060999968, 5.321362113000021 ], [ -4.002733706999948, 5.321371078000027 ], [ -4.002792383999974, 5.321383985000068 ], [ -4.002863751999939, 5.321397436000041 ], [ -4.002939366999954, 5.321421622000059 ], [ -4.003013573999965, 5.321446941000033 ], [ -4.003092018999951, 5.321477341000048 ], [ -4.003173262999951, 5.321494733000065 ], [ -4.003252829999951, 5.321521739000048 ], [ -4.003331270999979, 5.321549312000059 ], [ -4.003401783999948, 5.321557677000044 ], [ -4.003473161999977, 5.321577347000073 ], [ -4.003549907999968, 5.321603227000026 ], [ -4.003620157999933, 5.321622899000033 ], [ -4.003686192999965, 5.32165218800003 ], [ -4.003736748999927, 5.321700724000038 ], [ -4.003782786999977, 5.321744744000057 ], [ -4.003837829999952, 5.32177744300003 ], [ -4.003864115999932, 5.321814711000059 ], [ -4.003870667999934, 5.321855403000029 ], [ -4.003906829999949, 5.321896613000035 ], [ -4.003950053999972, 5.321944595000048 ], [ -4.003990739999949, 5.321992581000075 ], [ -4.004037903999972, 5.322036033000074 ], [ -4.004083097999967, 5.322081751000042 ], [ -4.004135317999953, 5.32211275800006 ], [ -4.004177980999941, 5.322162437000031 ], [ -4.004220356999951, 5.322209290000046 ], [ -4.00427089599998, 5.322247084000026 ], [ -4.004315248999944, 5.322295629000052 ], [ -4.004364925999937, 5.322323814000072 ], [ -4.004405601999963, 5.322365582000032 ], [ -4.004443440999978, 5.322397178000074 ], [ -4.004469725999968, 5.322433316000058 ], [ -4.00447429999997, 5.322471750000034 ], [ -4.004492403999961, 5.322506205000025 ], [ -4.004526855999927, 5.322536111000034 ], [ -4.00456016399994, 5.322555277000049 ], [ -4.004607299999975, 5.322581205000063 ], [ -4.004655021999952, 5.322620700000073 ], [ -4.004703019999965, 5.32265680200004 ], [ -4.004725702999963, 5.32266069700006 ], [ -4.003480338999964, 5.324076845000036 ], [ -4.00395774499998, 5.324294361000057 ], [ -4.003854814999954, 5.324573519000069 ], [ -4.003397327999949, 5.324377502000061 ], [ -4.003088615999957, 5.324251938000032 ], [ -4.002833301999942, 5.32418847200006 ], [ -4.002322204999928, 5.324119204000056 ], [ -4.001884159999975, 5.324058861000026 ], [ -4.00186382399994, 5.324039108000022 ], [ -4.001675040999942, 5.32396196600007 ], [ -4.00160260399997, 5.323985262000065 ], [ -4.001421105999952, 5.324053395000021 ], [ -4.001228615999935, 5.324125503000062 ], [ -4.000794915999961, 5.32431050200006 ], [ -4.000404935999939, 5.324502214000063 ], [ -4.000141470999949, 5.324629838000021 ], [ -3.997676620999925, 5.325581311000064 ], [ -3.996804665999946, 5.324176768000029 ] ] ] ] } },
{ "type": "Feature", "properties": { "id": 16.0, "objectid": 17.0, "area": 926908.974, "commune": "COCODY", "nom_quar": "DANGA", "shape_leng": 0.041486507708199998, "shape_area": 7.5659807946999995e-05, "commune_id": 4.0 }, "geometry": { "type": "MultiPolygon", "coordinates": [ [ [ [ -4.003015077999976, 5.344261385000038 ], [ -4.003033143999971, 5.344113981000021 ], [ -4.003243225999938, 5.341849532000026 ], [ -4.00336114299995, 5.341005317000054 ], [ -4.003487442999926, 5.339940049000063 ], [ -4.003964228999962, 5.336067960000037 ], [ -4.005247035999957, 5.336217936000025 ], [ -4.005491780999932, 5.336195488000044 ], [ -4.006580702999941, 5.336081774000036 ], [ -4.007506661999969, 5.335990937000076 ], [ -4.008219484999927, 5.335937760000036 ], [ -4.008767567999939, 5.335854324000024 ], [ -4.010448249999968, 5.335638440000025 ], [ -4.010442656999942, 5.335667281000042 ], [ -4.010437372999945, 5.335712515000068 ], [ -4.010433745999933, 5.33573683000003 ], [ -4.010417735999965, 5.335775863000038 ], [ -4.010392404999948, 5.335806432000027 ], [ -4.010370794999972, 5.335869783000021 ], [ -4.010375371999942, 5.335909913000023 ], [ -4.010411230999978, 5.335936989000061 ], [ -4.010442246999958, 5.335934112000075 ], [ -4.010777437999934, 5.337588249000021 ], [ -4.010990796999977, 5.338032238000039 ], [ -4.011097605999964, 5.338333378000073 ], [ -4.01116882599996, 5.338599526000053 ], [ -4.011092369999972, 5.339096566000023 ], [ -4.011020869999925, 5.339348251000047 ], [ -4.010924983999928, 5.33951800400007 ], [ -4.010789967999926, 5.339730220000035 ], [ -4.010644178999939, 5.33990797000007 ], [ -4.010523707999937, 5.340047237000022 ], [ -4.010401522999928, 5.340173504000063 ], [ -4.010338515999933, 5.340272538000022 ], [ -4.010298863999935, 5.340340441000023 ], [ -4.010273025999936, 5.340406061000067 ], [ -4.010303399999941, 5.340527554000062 ], [ -4.010347542999966, 5.340619063000076 ], [ -4.010351075999949, 5.340710074000071 ], [ -4.010334003999958, 5.340789812000025 ], [ -4.010268739999958, 5.340888850000056 ], [ -4.010186191999935, 5.340937603000043 ], [ -4.008808981999948, 5.341181257000073 ], [ -4.008486502999972, 5.341266019000045 ], [ -4.008280725999953, 5.341320062000023 ], [ -4.008176162999973, 5.341358110000044 ], [ -4.008334956999931, 5.341372547000049 ], [ -4.008612769999957, 5.341394139000045 ], [ -4.009090024999978, 5.341453844000057 ], [ -4.009468163999941, 5.341605294000033 ], [ -4.009698839999942, 5.341773945000057 ], [ -4.009641317999979, 5.342640673000062 ], [ -4.00853159899998, 5.345046798000055 ], [ -4.008607919999974, 5.345500623000021 ], [ -4.00892311399997, 5.345615996000049 ], [ -4.00616137399993, 5.34733514100003 ], [ -4.006689324999968, 5.348215043000039 ], [ -4.006157519999931, 5.348257183000044 ], [ -4.005685764999953, 5.34828791800004 ], [ -4.005123485999945, 5.348319367000045 ], [ -4.004172151999967, 5.348426074000031 ], [ -4.003572705999943, 5.348494328000072 ], [ -4.002557373999934, 5.348612443000036 ], [ -4.002480124999977, 5.348626137000053 ], [ -4.003015077999976, 5.344261385000038 ] ] ] ] } },
{ "type": "Feature", "properties": { "id": 18.0, "objectid": 19.0, "area": 1492673.26, "commune": "COCODY", "nom_quar": "UNIVERSITE", "shape_leng": 0.0485387621033, "shape_area": 0.00012184257895300001, "commune_id": 4.0 }, "geometry": { "type": "MultiPolygon", "coordinates": [ [ [ [ -3.984416560999932, 5.337611232000029 ], [ -3.984794181999973, 5.33779548800004 ], [ -3.984926282999936, 5.337694649000071 ], [ -3.985114657999929, 5.337513444000024 ], [ -3.985394830999951, 5.337247293000075 ], [ -3.985655335999979, 5.33702583400003 ], [ -3.985975605999954, 5.336792408000065 ], [ -3.986344673999952, 5.336565122000025 ], [ -3.986785336999958, 5.336316803000045 ], [ -3.987121756999954, 5.336130838000031 ], [ -3.987450846999934, 5.335946014000058 ], [ -3.987867559999927, 5.33571130100006 ], [ -3.988293326999951, 5.335494664000066 ], [ -3.988757086999954, 5.335229913000035 ], [ -3.989394771999969, 5.334919657000057 ], [ -3.98986855499993, 5.334750994000046 ], [ -3.990277367999965, 5.334690412000043 ], [ -3.990679114999978, 5.334620796000024 ], [ -3.990820379999946, 5.334604680000041 ], [ -3.991082950999953, 5.33498352600003 ], [ -3.991826050999975, 5.336698349000073 ], [ -3.991736189999926, 5.338368137000032 ], [ -3.991731511999944, 5.338382016000025 ], [ -3.990907245999949, 5.340827560000037 ], [ -3.991281818999937, 5.34356331500004 ], [ -3.991652965999947, 5.344165642000064 ], [ -3.992025382999941, 5.34555640800005 ], [ -3.99207277499994, 5.346252016000051 ], [ -3.990754049999964, 5.34627733700006 ], [ -3.991137683999966, 5.349604821000071 ], [ -3.990160961999948, 5.349846883000055 ], [ -3.982255985999927, 5.352066613000034 ], [ -3.982175369999936, 5.352091617000042 ], [ -3.982173070999977, 5.352065050000022 ], [ -3.98264144999996, 5.350089626000056 ], [ -3.982619473999932, 5.349748771000066 ], [ -3.982547144999955, 5.349134946000049 ], [ -3.982521565999946, 5.348656724000023 ], [ -3.982455863999974, 5.347776620000047 ], [ -3.982475708999971, 5.347487709000063 ], [ -3.982519144999969, 5.347137704000033 ], [ -3.98258943299993, 5.346471641000051 ], [ -3.982650682999974, 5.346151004000035 ], [ -3.982692853999936, 5.345892019000075 ], [ -3.982775690999972, 5.345668018000026 ], [ -3.982845469999972, 5.345390898000062 ], [ -3.982695013999944, 5.343175637000058 ], [ -3.982690364999939, 5.343090281000059 ], [ -3.982643524999958, 5.342188100000044 ], [ -3.982783419999976, 5.341844725000044 ], [ -3.983013803999938, 5.341479157000038 ], [ -3.983077820999938, 5.341302674000076 ], [ -3.983154111999966, 5.341041372000063 ], [ -3.983336064999946, 5.340722804000052 ], [ -3.983645025999976, 5.340292099000067 ], [ -3.983855585999947, 5.340051500000072 ], [ -3.98393815999998, 5.339840502000072 ], [ -3.984098260999929, 5.33961298600002 ], [ -3.984155508999947, 5.339435948000073 ], [ -3.984169557999962, 5.339226756000073 ], [ -3.984416560999932, 5.337611232000029 ] ] ] ] } },
{ "type": "Feature", "properties": { "id": 19.0, "objectid": 20.0, "area": 964522.533, "commune": "COCODY", "nom_quar": "CENTRE", "shape_leng": 0.039790951747899997, "shape_area": 7.8730089218e-05, "commune_id": 4.0 }, "geometry": { "type": "MultiPolygon", "coordinates": [ [ [ [ -3.999126910999962, 5.343734078000068 ], [ -3.99921556399994, 5.342367789000036 ], [ -3.995975478999981, 5.341723750000028 ], [ -3.994862633999958, 5.340287807000038 ], [ -3.99370523999994, 5.339918650000072 ], [ -3.993611949999945, 5.339455011000041 ], [ -3.991731511999944, 5.338382016000025 ], [ -3.991736189999926, 5.338368137000032 ], [ -3.991826050999975, 5.336698349000073 ], [ -3.991082950999953, 5.33498352600003 ], [ -3.990820379999946, 5.334604680000041 ], [ -3.991056088999926, 5.334577789000036 ], [ -3.991543399999955, 5.334579831000042 ], [ -3.992103530999941, 5.334621327000036 ], [ -3.99274467999993, 5.334714136000059 ], [ -3.993618500999958, 5.334816745000069 ], [ -3.996451865999973, 5.335196580000058 ], [ -3.996487116999958, 5.335196523000036 ], [ -4.000142912999934, 5.335637758000075 ], [ -4.003964228999962, 5.336067960000037 ], [ -4.003487442999926, 5.339940049000063 ], [ -4.00336114299995, 5.341005317000054 ], [ -4.003243225999938, 5.341849532000026 ], [ -4.003033143999971, 5.344113981000021 ], [ -4.003015077999976, 5.344261385000038 ], [ -3.999125274999926, 5.343759302000024 ], [ -3.999126910999962, 5.343734078000068 ] ] ] ] } },
{ "type": "Feature", "properties": { "id": 20.0, "objectid": 21.0, "area": 333211.821, "commune": "COCODY", "nom_quar": "CITE DES ARTS", "shape_leng": 0.020632261779500002, "shape_area": 2.7199063632e-05, "commune_id": 4.0 }, "geometry": { "type": "MultiPolygon", "coordinates": [ [ [ [ -3.999126910999962, 5.343734078000068 ], [ -3.999125274999926, 5.343759302000024 ], [ -4.003015077999976, 5.344261385000038 ], [ -4.002480124999977, 5.348626137000053 ], [ -4.001988716999961, 5.34871173800002 ], [ -4.001707893999935, 5.348748942000043 ], [ -4.001443145999929, 5.34878668500005 ], [ -4.001128182999935, 5.348814335000043 ], [ -4.000788153999963, 5.348861811000063 ], [ -4.000372554999956, 5.348915629000032 ], [ -3.999507016999928, 5.349063457000057 ], [ -3.998970976999942, 5.349103903000071 ], [ -3.998651000999928, 5.349170566000055 ], [ -3.998402314999964, 5.34920093300002 ], [ -3.99806904299993, 5.349242178000054 ], [ -3.997738030999926, 5.349285681000026 ], [ -3.997322707999956, 5.349336670000071 ], [ -3.996966339999972, 5.349396042000023 ], [ -3.996791567999935, 5.34941845000003 ], [ -3.997230895999962, 5.345478401000037 ], [ -3.999126910999962, 5.343734078000068 ] ] ] ] } },
{ "type": "Feature", "properties": { "id": 21.0, "objectid": 22.0, "area": 722834.582, "commune": "COCODY", "nom_quar": "CHU", "shape_leng": 0.035453086190899999, "shape_area": 5.9002761017000002e-05, "commune_id": 4.0 }, "geometry": { "type": "MultiPolygon", "coordinates": [ [ [ [ -3.991731511999944, 5.338382016000025 ], [ -3.993611949999945, 5.339455011000041 ], [ -3.99370523999994, 5.339918650000072 ], [ -3.994862633999958, 5.340287807000038 ], [ -3.995975478999981, 5.341723750000028 ], [ -3.99921556399994, 5.342367789000036 ], [ -3.999126910999962, 5.343734078000068 ], [ -3.997230895999962, 5.345478401000037 ], [ -3.996791567999935, 5.34941845000003 ], [ -3.996551021999949, 5.349449292000031 ], [ -3.99611533999996, 5.349466394000046 ], [ -3.995784586999946, 5.349496327000054 ], [ -3.995411167999976, 5.349475451000046 ], [ -3.995038000999955, 5.34943591800004 ], [ -3.994689920999974, 5.349388431000023 ], [ -3.994332828999973, 5.349349437000058 ], [ -3.993929808999951, 5.34927035000004 ], [ -3.993909957999961, 5.34926645500002 ], [ -3.993502410999952, 5.349242806000063 ], [ -3.993052937999948, 5.34927745300007 ], [ -3.992517387999953, 5.349272666000047 ], [ -3.992174580999972, 5.349347843000032 ], [ -3.991137683999966, 5.349604821000071 ], [ -3.990754049999964, 5.34627733700006 ], [ -3.99207277499994, 5.346252016000051 ], [ -3.992025382999941, 5.34555640800005 ], [ -3.991652965999947, 5.344165642000064 ], [ -3.991281818999937, 5.34356331500004 ], [ -3.990907245999949, 5.340827560000037 ], [ -3.991731511999944, 5.338382016000025 ] ] ] ] } },
{ "type": "Feature", "properties": { "id": 24.0, "objectid": 25.0, "area": 2145259.131, "commune": "COCODY", "nom_quar": "SOPIM VALLON", "shape_leng": 0.064339810439600006, "shape_area": 0.000175116322694, "commune_id": 4.0 }, "geometry": { "type": "MultiPolygon", "coordinates": [ [ [ [ -3.987611572999981, 5.371922518000076 ], [ -3.987303063999946, 5.370597118000035 ], [ -3.98727372999997, 5.370068590000074 ], [ -3.987151509999933, 5.369652710000025 ], [ -3.987067969999941, 5.369088654000052 ], [ -3.986947771999951, 5.368877982000072 ], [ -3.986761057999956, 5.368693424000071 ], [ -3.986706106999975, 5.36836901700002 ], [ -3.986302118999959, 5.366881741000043 ], [ -3.985816798999963, 5.366378821000069 ], [ -3.985585412999967, 5.366123103000064 ], [ -3.985002453999925, 5.365582463000067 ], [ -3.984885768999959, 5.365450931000055 ], [ -3.984755520999954, 5.365303592000032 ], [ -3.984608727999955, 5.365215072000069 ], [ -3.98445914399997, 5.365144648000069 ], [ -3.984300527999949, 5.365069715000061 ], [ -3.984137663999945, 5.36498348300006 ], [ -3.983868880999978, 5.364973174000056 ], [ -3.983623161999958, 5.364923821000048 ], [ -3.983561220999945, 5.364636171000029 ], [ -3.983258846999945, 5.364429749000067 ], [ -3.983041002999926, 5.364176269000041 ], [ -3.982820173999926, 5.363995720000048 ], [ -3.982612136999933, 5.363701521000053 ], [ -3.982258824999974, 5.363209692000055 ], [ -3.982073888999935, 5.362899627000047 ], [ -3.981789568999943, 5.362342674000047 ], [ -3.980930023999974, 5.362552091000055 ], [ -3.980681146999927, 5.361052688000029 ], [ -3.98070473599995, 5.360989334000067 ], [ -3.981477960999939, 5.360767618000068 ], [ -3.981423523999979, 5.360409291000053 ], [ -3.981399995999936, 5.358919702000037 ], [ -3.982749983999952, 5.358898881000073 ], [ -3.982903648999979, 5.355874722000067 ], [ -3.981915885999967, 5.355433658000038 ], [ -3.982308888999967, 5.354469152000036 ], [ -3.988730668999949, 5.354640861000064 ], [ -3.989038340999969, 5.35463584200005 ], [ -3.989179362999948, 5.35464465900003 ], [ -3.990544317999934, 5.354644151000059 ], [ -3.990721987999962, 5.354644429000075 ], [ -3.991100428999971, 5.354629119000037 ], [ -3.991631398999971, 5.354588687000046 ], [ -3.992765769999949, 5.354478309000058 ], [ -3.993644891999963, 5.354353080000067 ], [ -3.994033112999944, 5.354282916000045 ], [ -3.994311419999974, 5.354257025000038 ], [ -3.994491783999933, 5.354229552000049 ], [ -3.994889126999965, 5.354169028000058 ], [ -3.995787788999962, 5.354094642000064 ], [ -3.996318812999959, 5.354088126000022 ], [ -3.996907564999958, 5.354029506000074 ], [ -3.997292534999929, 5.354041883000036 ], [ -3.997862190999967, 5.354033041000037 ], [ -3.998059085999955, 5.354063248000045 ], [ -3.996653142999946, 5.354873379000026 ], [ -3.99590238299993, 5.355374343000051 ], [ -3.995153377999941, 5.355740757000035 ], [ -3.994296745999975, 5.356171791000065 ], [ -3.994321960999969, 5.358512745000041 ], [ -3.994198489999974, 5.359592143000043 ], [ -3.99414980399996, 5.360353710000027 ], [ -3.994131465999942, 5.360524466000072 ], [ -3.993836196999951, 5.360701326000026 ], [ -3.993859444999941, 5.36164933200007 ], [ -3.99389563099993, 5.362227031000032 ], [ -3.99389881899998, 5.362280166000062 ], [ -3.993844889999934, 5.36293885300006 ], [ -3.993869100999973, 5.363261612000031 ], [ -3.993875240999955, 5.363570267000057 ], [ -3.993858259999968, 5.363882352000076 ], [ -3.993858993999936, 5.364336303000073 ], [ -3.993895590999955, 5.364993147000064 ], [ -3.993920063999951, 5.365302903000043 ], [ -3.993944576999979, 5.36563753300004 ], [ -3.993945097999926, 5.365959765000071 ], [ -3.993970589999947, 5.366202247000047 ], [ -3.99395579399993, 5.36647023300003 ], [ -3.993859153999949, 5.36687629000005 ], [ -3.99370255599996, 5.367351980000024 ], [ -3.99356340099996, 5.368150439000033 ], [ -3.993554736999954, 5.368199071000049 ], [ -3.993302525999979, 5.369019196000067 ], [ -3.993266124999934, 5.369355621000068 ], [ -3.993133611999951, 5.369727252000075 ], [ -3.992959939999935, 5.370109692000028 ], [ -3.992835971999966, 5.37053331900006 ], [ -3.992598043999976, 5.370944128000076 ], [ -3.992414365999934, 5.371242351000035 ], [ -3.992304935999925, 5.371413821000033 ], [ -3.992110684999943, 5.371627262000061 ], [ -3.99025357599993, 5.371637059000022 ], [ -3.989648228999954, 5.371734709000066 ], [ -3.989158478999968, 5.371812386000045 ], [ -3.988658873999952, 5.371899689000031 ], [ -3.988284533999945, 5.372016186000053 ], [ -3.987640723999959, 5.37204775400005 ], [ -3.987611572999981, 5.371922518000076 ] ] ] ] } },
{ "type": "Feature", "properties": { "id": 25.0, "objectid": 26.0, "area": 1428512.421, "commune": "COCODY", "nom_quar": "DEUX PLATEAUX II", "shape_leng": 0.0615217034095, "shape_area": 0.00011660842775400001, "commune_id": 4.0 }, "geometry": { "type": "MultiPolygon", "coordinates": [ [ [ [ -3.99356340099996, 5.368150439000033 ], [ -3.99370255599996, 5.367351980000024 ], [ -3.993859153999949, 5.36687629000005 ], [ -3.99395579399993, 5.36647023300003 ], [ -3.993970589999947, 5.366202247000047 ], [ -3.993945097999926, 5.365959765000071 ], [ -3.993944576999979, 5.36563753300004 ], [ -3.993920063999951, 5.365302903000043 ], [ -3.993895590999955, 5.364993147000064 ], [ -3.993858993999936, 5.364336303000073 ], [ -3.993858259999968, 5.363882352000076 ], [ -3.993875240999955, 5.363570267000057 ], [ -3.993869100999973, 5.363261612000031 ], [ -3.993844889999934, 5.36293885300006 ], [ -3.99389881899998, 5.362280166000062 ], [ -3.99389563099993, 5.362227031000032 ], [ -3.993926684999963, 5.362246767000045 ], [ -3.994247904999952, 5.362421495000035 ], [ -3.994418053999937, 5.362478316000022 ], [ -3.99746423199997, 5.362535544000025 ], [ -3.997470249999935, 5.361724865000042 ], [ -3.99751178799994, 5.361427438000021 ], [ -3.997572887999979, 5.361193296000067 ], [ -3.997682757999939, 5.360947203000023 ], [ -3.997842, 5.360712901000056 ], [ -3.998001322999926, 5.360528346000024 ], [ -3.998246961999939, 5.360355523000067 ], [ -3.998553737999941, 5.360145855000042 ], [ -3.998933496999939, 5.359898756000064 ], [ -3.999301632999959, 5.359615495000071 ], [ -3.999497977999965, 5.359479498000042 ], [ -3.999816538999937, 5.359233063000033 ], [ -4.000117112999931, 5.359025100000053 ], [ -4.00028274999994, 5.358908939000059 ], [ -4.000524410999958, 5.358718597000063 ], [ -4.000796218999938, 5.358510680000052 ], [ -4.001026335999939, 5.358331663000058 ], [ -4.001112181999929, 5.358228069000063 ], [ -4.001187203999962, 5.358058351000068 ], [ -4.001281073999962, 5.357859205000068 ], [ -4.001358381999978, 5.357534585000053 ], [ -4.001408677999962, 5.357074332000025 ], [ -4.001693342999943, 5.354542930000036 ], [ -4.001792894999937, 5.354543332000048 ], [ -4.002340733999972, 5.354645890000029 ], [ -4.002786909999941, 5.354663251000034 ], [ -4.003264500999933, 5.35474952800007 ], [ -4.003692362999971, 5.354777659000035 ], [ -4.004165924999938, 5.354813629000034 ], [ -4.004479598999978, 5.354858906000061 ], [ -4.004757677999976, 5.354866930000071 ], [ -4.005231480999953, 5.354878025000062 ], [ -4.00559835599995, 5.354862159000049 ], [ -4.005989596999939, 5.354915223000035 ], [ -4.006780852999952, 5.354868698000075 ], [ -4.006575342999952, 5.355088944000045 ], [ -4.006332390999944, 5.355349956000055 ], [ -4.00590952899995, 5.355793295000069 ], [ -4.00584278599996, 5.35585106700006 ], [ -4.005821943999933, 5.356212905000064 ], [ -4.005762962999938, 5.356533538000065 ], [ -4.005774258999963, 5.356715552000026 ], [ -4.005688947999943, 5.356974043000037 ], [ -4.005578496999931, 5.357207136000056 ], [ -4.005462579999971, 5.357374095000068 ], [ -4.005296940999926, 5.357660984000063 ], [ -4.005168699999956, 5.357880538000074 ], [ -4.005028906999939, 5.358106330000055 ], [ -4.004951614999925, 5.358267007000052 ], [ -4.004841185999965, 5.358513668000057 ], [ -4.004786476999925, 5.358687876000033 ], [ -4.004722465999976, 5.358864926000024 ], [ -4.004631639999957, 5.359027321000042 ], [ -4.004520940999953, 5.359281331000034 ], [ -4.00449987099995, 5.359677089000058 ], [ -4.004446410999947, 5.359924787000068 ], [ -4.004450414999951, 5.360131687000035 ], [ -4.004416549999974, 5.360290598000063 ], [ -4.004464205999966, 5.360460115000024 ], [ -4.004110106999974, 5.360530230000052 ], [ -4.003923893999968, 5.360653210000066 ], [ -4.003626251999947, 5.360929009000074 ], [ -4.003632421999953, 5.361081069000022 ], [ -4.003658468999959, 5.361142646000076 ], [ -4.004181551999977, 5.361106739000036 ], [ -4.004539135999948, 5.361097672000028 ], [ -4.004551492999951, 5.363482734000058 ], [ -4.004538403999959, 5.364101780000055 ], [ -4.004044862999933, 5.364787757000045 ], [ -4.003783200999976, 5.364992267000048 ], [ -4.003289016999929, 5.36528478200006 ], [ -4.002838588999964, 5.365431373000035 ], [ -4.002125668999952, 5.365447240000037 ], [ -4.002125869999929, 5.365224504000025 ], [ -4.001991909999958, 5.365224158000046 ], [ -3.999887756999954, 5.365221382000072 ], [ -3.99987600299994, 5.371166871000071 ], [ -3.999866932999964, 5.371312173000035 ], [ -3.99980071899995, 5.371523146000072 ], [ -3.999739726999962, 5.371649877000038 ], [ -3.999648235999928, 5.371752350000065 ], [ -3.999520673999939, 5.371871276000036 ], [ -3.999438183999928, 5.371959035000032 ], [ -3.999337649999973, 5.372050216000048 ], [ -3.999146172999929, 5.372233693000055 ], [ -3.999018328999966, 5.372353185000065 ], [ -3.998751427999935, 5.372634020000021 ], [ -3.998635493999927, 5.372793629000057 ], [ -3.99852608499998, 5.372976407000067 ], [ -3.998480664999931, 5.373140989000035 ], [ -3.998471878999965, 5.373287987000026 ], [ -3.998469070999931, 5.373468328000058 ], [ -3.998471318999975, 5.373636790000035 ], [ -3.998455256999932, 5.373991837000062 ], [ -3.998438997999926, 5.374918423000054 ], [ -3.996092551999936, 5.374917168000025 ], [ -3.995050030999948, 5.373949908000043 ], [ -3.994804060999968, 5.371138969000071 ], [ -3.994727137999973, 5.370659136000029 ], [ -3.994638613999939, 5.369807907000052 ], [ -3.994594492999965, 5.369382293000058 ], [ -3.994410321999965, 5.368853452000053 ], [ -3.994125223999959, 5.368695626000033 ], [ -3.99356340099996, 5.368150439000033 ] ] ] ] } },
{ "type": "Feature", "properties": { "id": 26.0, "objectid": 27.0, "area": 1030856.91, "commune": "COCODY", "nom_quar": "PLATEAU-DOKUI", "shape_leng": 0.048108932674000002, "shape_area": 8.4152364192000007e-05, "commune_id": 4.0 }, "geometry": { "type": "MultiPolygon", "coordinates": [ [ [ [ -3.997007491999966, 5.392964085000074 ], [ -4.002436879999948, 5.393811625000069 ], [ -4.002764271999979, 5.393094826000038 ], [ -4.004398421999952, 5.389694001000066 ], [ -4.005518912999946, 5.38968423700004 ], [ -4.00560539099996, 5.391163533000054 ], [ -4.005746644999931, 5.392337466000072 ], [ -4.006082882999976, 5.39459931500005 ], [ -4.006310577999955, 5.396026932000041 ], [ -4.006452211999942, 5.397257396000043 ], [ -4.006510264999974, 5.398598800000059 ], [ -4.006526310999959, 5.399949319000029 ], [ -3.999418681999941, 5.399916952000069 ], [ -3.997325952999972, 5.404217949000042 ], [ -3.996830664999948, 5.405235773000072 ], [ -3.996766625999953, 5.405225702000052 ], [ -3.995423781999932, 5.405017040000075 ], [ -3.995842044999961, 5.402078952000068 ], [ -3.996229912999979, 5.399355170000035 ], [ -3.997007491999966, 5.392964085000074 ] ] ] ] } },
{ "type": "Feature", "properties": { "id": 27.0, "objectid": 28.0, "area": 2233316.442, "commune": "COCODY", "nom_quar": "DEUX PLATEAUX 1", "shape_leng": 0.061989150153299998, "shape_area": 0.000182305271077, "commune_id": 4.0 }, "geometry": { "type": "MultiPolygon", "coordinates": [ [ [ [ -3.998632310999938, 5.378632825000068 ], [ -3.998626309999963, 5.378584783000065 ], [ -3.998154521999936, 5.378436875000034 ], [ -3.998053124999956, 5.378344894000065 ], [ -3.997420692999981, 5.377744993000022 ], [ -3.997396351999953, 5.37769189200003 ], [ -3.997737929999971, 5.377373059000035 ], [ -3.997915854999974, 5.377179428000034 ], [ -3.997983371999965, 5.377075299000069 ], [ -3.998108353999953, 5.376929242000074 ], [ -3.998234091999961, 5.376728348000029 ], [ -3.998353063999957, 5.376529161000065 ], [ -3.998408531999928, 5.376300115000049 ], [ -3.998450624999975, 5.375997035000069 ], [ -3.998438997999926, 5.374918423000054 ], [ -3.998455256999932, 5.373991837000062 ], [ -3.998471318999975, 5.373636790000035 ], [ -3.998469070999931, 5.373468328000058 ], [ -3.998471878999965, 5.373287987000026 ], [ -3.998480664999931, 5.373140989000035 ], [ -3.99852608499998, 5.372976407000067 ], [ -3.998635493999927, 5.372793629000057 ], [ -3.998751427999935, 5.372634020000021 ], [ -3.999018328999966, 5.372353185000065 ], [ -3.999146172999929, 5.372233693000055 ], [ -3.999337649999973, 5.372050216000048 ], [ -3.999438183999928, 5.371959035000032 ], [ -3.999520673999939, 5.371871276000036 ], [ -3.999648235999928, 5.371752350000065 ], [ -3.999739726999962, 5.371649877000038 ], [ -3.99980071899995, 5.371523146000072 ], [ -3.999866932999964, 5.371312173000035 ], [ -3.99987600299994, 5.371166871000071 ], [ -3.999887756999954, 5.365221382000072 ], [ -4.001991909999958, 5.365224158000046 ], [ -4.002125869999929, 5.365224504000025 ], [ -4.002125668999952, 5.365447240000037 ], [ -4.002838588999964, 5.365431373000035 ], [ -4.003289016999929, 5.36528478200006 ], [ -4.003783200999976, 5.364992267000048 ], [ -4.004044862999933, 5.364787757000045 ], [ -4.004538403999959, 5.364101780000055 ], [ -4.004551492999951, 5.363482734000058 ], [ -4.00647258999993, 5.363646912000036 ], [ -4.005720955999948, 5.365164898000046 ], [ -4.010010612999963, 5.36508264400004 ], [ -4.010241976999964, 5.364805821000061 ], [ -4.009952632999955, 5.364467108000042 ], [ -4.009932816999935, 5.364421350000043 ], [ -4.009958639999979, 5.364346685000044 ], [ -4.010012623999955, 5.364247100000057 ], [ -4.012397470999929, 5.364478896000037 ], [ -4.012654435999934, 5.36450730200005 ], [ -4.012834122999948, 5.364703170000041 ], [ -4.012989231999939, 5.364873639000052 ], [ -4.013173663999964, 5.365040102000023 ], [ -4.013330025999949, 5.365115031000073 ], [ -4.013550377999934, 5.365172893000022 ], [ -4.013757416999965, 5.36519572800006 ], [ -4.013841486999979, 5.365213114000028 ], [ -4.013953646999937, 5.365162049000048 ], [ -4.014061052999978, 5.365136432000043 ], [ -4.014289192999968, 5.365128139000035 ], [ -4.016028051999967, 5.365087943000049 ], [ -4.016012042999932, 5.365128107000032 ], [ -4.01550257599996, 5.366407701000071 ], [ -4.015446942999972, 5.366532728000038 ], [ -4.015410949999932, 5.366596103000063 ], [ -4.015378636999969, 5.36666851800004 ], [ -4.015330743999925, 5.366699124000036 ], [ -4.015306808999981, 5.366721211000026 ], [ -4.01517587099994, 5.366842407000036 ], [ -4.015088265999964, 5.366904737000027 ], [ -4.01484404699994, 5.367081521000046 ], [ -4.014513521999959, 5.367424087000074 ], [ -4.013540681999928, 5.368526373000066 ], [ -4.013516194999966, 5.368556376000072 ], [ -4.013489170999947, 5.368586382000046 ], [ -4.013465810999946, 5.368615252000041 ], [ -4.013438786999927, 5.368645824000055 ], [ -4.01341909599995, 5.368675819000032 ], [ -4.013396592999925, 5.36871147100004 ], [ -4.01337211699996, 5.368747692000056 ], [ -4.013347918999955, 5.368781651000063 ], [ -4.013326259999928, 5.368815606000055 ], [ -4.013306573999955, 5.368849558000022 ], [ -4.01328773299997, 5.368882377000034 ], [ -4.013268607999976, 5.368914067000048 ], [ -4.013254273999962, 5.368944053000064 ], [ -4.013239107999937, 5.368981954000049 ], [ -4.013219143999947, 5.369018167000036 ], [ -4.013205658999937, 5.369049847000042 ], [ -4.013190491999978, 5.369087184000023 ], [ -4.013160704999962, 5.369152244000077 ], [ -4.013147222999976, 5.369185621000042 ], [ -4.01216947599994, 5.371591537000029 ], [ -4.012065247999942, 5.37183479600003 ], [ -4.012042772999962, 5.371887408000021 ], [ -4.011811595999973, 5.372449717000052 ], [ -4.011433301999944, 5.373414210000021 ], [ -4.011171900999955, 5.374119594000035 ], [ -4.011081173999969, 5.37434191400007 ], [ -4.01106490799998, 5.374397342000066 ], [ -4.011050606999959, 5.37444711400002 ], [ -4.011044184999946, 5.374486132000072 ], [ -4.011032726999929, 5.374550032000059 ], [ -4.011025476999976, 5.374599792000026 ], [ -4.011019361999956, 5.374654072000055 ], [ -4.011016624999968, 5.374704955000027 ], [ -4.011015868999948, 5.374759227000027 ], [ -4.011014265999961, 5.374813500000073 ], [ -4.011012388999973, 5.374872296000035 ], [ -4.011013332999937, 5.374931653000033 ], [ -4.011011749999966, 5.374997798000038 ], [ -4.011009025999954, 5.375056596000036 ], [ -4.011005752999949, 5.375123874000053 ], [ -4.010998512999947, 5.37518041800007 ], [ -4.010985930999936, 5.375246581000056 ], [ -4.010971649999931, 5.375308224000037 ], [ -4.010954544999947, 5.375368176000052 ], [ -4.010938562999968, 5.375424734000035 ], [ -4.010920602999931, 5.375479035000069 ], [ -4.010896156999934, 5.375533346000054 ], [ -4.010874526999942, 5.375585391000072 ], [ -4.010841352999932, 5.37564932600003 ], [ -4.010814366999966, 5.375703076000036 ], [ -4.010783724999953, 5.375762485000052 ], [ -4.010746870999981, 5.375817948000076 ], [ -4.010703538999962, 5.375878508000028 ], [ -4.010664135999946, 5.375927191000073 ], [ -4.010624446999941, 5.375973613000042 ], [ -4.010574037999959, 5.376017791000038 ], [ -4.010525310999981, 5.376056313000049 ], [ -4.010458549999953, 5.37610391000004 ], [ -4.010427848999939, 5.376127705000044 ], [ -4.010381089999953, 5.376162832000034 ], [ -4.01032418099993, 5.376199106000058 ], [ -4.010270089999949, 5.376233680000041 ], [ -4.009832703999962, 5.376425481000069 ], [ -4.009533393999959, 5.376546389000055 ], [ -4.009206762999952, 5.376689389000035 ], [ -4.008794037999962, 5.376956902000074 ], [ -4.008482233999928, 5.377198243000066 ], [ -4.008299139999963, 5.377333091000025 ], [ -4.008119717999932, 5.377471890000038 ], [ -4.008069305999925, 5.377514372000064 ], [ -4.007765669999969, 5.377750046000074 ], [ -4.00754823799997, 5.377926784000067 ], [ -4.007486278999977, 5.377979461000052 ], [ -4.007427690999975, 5.378024218000064 ], [ -4.007377791999943, 5.378036172000066 ], [ -4.007324791999963, 5.378048697000054 ], [ -4.007276584999943, 5.378060083000037 ], [ -4.007236833999968, 5.378069193000044 ], [ -4.007193700999949, 5.378079440000022 ], [ -4.007089151999935, 5.378129361000049 ], [ -4.006989978999968, 5.37819001400004 ], [ -4.006913918999942, 5.37824327900006 ], [ -4.006858719999968, 5.378290292000031 ], [ -4.006747526999959, 5.378416541000036 ], [ -4.006607239999937, 5.378515138000068 ], [ -4.00645467399994, 5.378692900000033 ], [ -4.006145986999968, 5.378943845000038 ], [ -4.005862140999966, 5.379037590000053 ], [ -4.005715562999967, 5.379083623000042 ], [ -4.005589591999978, 5.37914149300002 ], [ -4.005431991999956, 5.379173411000068 ], [ -4.005244759999925, 5.379193505000046 ], [ -4.005094176999933, 5.379205060000061 ], [ -4.004932554999925, 5.379191758000047 ], [ -4.00467834799997, 5.37912942600002 ], [ -4.004484835999961, 5.379103740000062 ], [ -4.00428958699996, 5.379050922000033 ], [ -4.004078534999962, 5.378991345000031 ], [ -4.003874498999949, 5.378911406000043 ], [ -4.003669702999957, 5.378883477000045 ], [ -4.003464932999975, 5.378871942000046 ], [ -4.003286984999932, 5.378878453000027 ], [ -4.003002140999968, 5.378879486000073 ], [ -4.002401083999928, 5.379015020000054 ], [ -4.002408468999931, 5.379047231000072 ], [ -4.002150627999924, 5.379177113000026 ], [ -4.001860378999936, 5.37932287600006 ], [ -4.001634688999957, 5.379452705000062 ], [ -4.001457399999936, 5.379517443000054 ], [ -4.001234073999967, 5.379540987000041 ], [ -4.001131703999931, 5.379544547000023 ], [ -4.001102329999981, 5.379518025000039 ], [ -4.000965808999979, 5.379505812000048 ], [ -4.000800426999945, 5.37943541900006 ], [ -3.998632310999938, 5.378632825000068 ] ] ] ] } },
{ "type": "Feature", "properties": { "id": 28.0, "objectid": 29.0, "area": 780274.327, "commune": "COCODY", "nom_quar": "AGHIEN", "shape_leng": 0.037073557561499999, "shape_area": 6.3695561891000002e-05, "commune_id": 4.0 }, "geometry": { "type": "MultiPolygon", "coordinates": [ [ [ [ -3.992228357999977, 5.392390745000057 ], [ -3.992728423999949, 5.388581364000061 ], [ -3.99310103199997, 5.385306419000074 ], [ -3.993488347999971, 5.382058585000038 ], [ -3.993610530999945, 5.381750852000039 ], [ -3.993757270999936, 5.381455515000027 ], [ -3.99414943599993, 5.381024667000077 ], [ -3.997420692999981, 5.377744993000022 ], [ -3.998053124999956, 5.378344894000065 ], [ -3.998154521999936, 5.378436875000034 ], [ -3.998626309999963, 5.378584783000065 ], [ -3.998632310999938, 5.378632825000068 ], [ -3.99855308399998, 5.379339039000058 ], [ -3.998523893999959, 5.379598569000052 ], [ -3.998082171999954, 5.383537876000048 ], [ -3.998055490999946, 5.383779311000069 ], [ -3.997768468999936, 5.385907080000038 ], [ -3.997393888999966, 5.389167328000042 ], [ -3.997007491999966, 5.392964085000074 ], [ -3.995403274999944, 5.392782416000045 ], [ -3.992411703999949, 5.392405710000048 ], [ -3.992228357999977, 5.392390745000057 ] ] ] ] } },
{ "type": "Feature", "properties": { "id": 30.0, "objectid": 31.0, "area": 3461883.468, "commune": "COCODY", "nom_quar": "7EME TRANCHE", "shape_leng": 0.075903712985899999, "shape_area": 0.00028260217769500001, "commune_id": 4.0 }, "geometry": { "type": "MultiPolygon", "coordinates": [ [ [ [ -3.976203188999932, 5.392361279000056 ], [ -3.970104722999963, 5.378140970000061 ], [ -3.973645767999926, 5.377474850000056 ], [ -3.981393710999953, 5.377302316000055 ], [ -3.987611572999981, 5.371922518000076 ], [ -3.987640723999959, 5.37204775400005 ], [ -3.987650095999925, 5.372088442000063 ], [ -3.987739672999965, 5.37254733900005 ], [ -3.98743372499996, 5.373278795000033 ], [ -3.987746391999963, 5.373567734000062 ], [ -3.987688652999964, 5.374315748000072 ], [ -3.987694411999939, 5.37456448000006 ], [ -3.987648963999959, 5.374889049000046 ], [ -3.98772149499996, 5.37527052400003 ], [ -3.987869543999977, 5.375786988000073 ], [ -3.987967420999951, 5.376145809000036 ], [ -3.98835739499998, 5.376629093000076 ], [ -3.988600068999972, 5.376885357000049 ], [ -3.989098963999936, 5.377579329000071 ], [ -3.989228461999971, 5.377783765000061 ], [ -3.989376761999949, 5.378104627000027 ], [ -3.98955366399997, 5.378498370000045 ], [ -3.989814923999973, 5.37891176100004 ], [ -3.98997501499997, 5.379198685000063 ], [ -3.990065614999935, 5.379416187000061 ], [ -3.99026285399998, 5.37982855100006 ], [ -3.990472670999964, 5.380170795000026 ], [ -3.990570014999946, 5.380372457000021 ], [ -3.990670144999967, 5.38055319700004 ], [ -3.990761503999977, 5.380716426000049 ], [ -3.990917348999972, 5.380993746000058 ], [ -3.990998899999965, 5.381195433000073 ], [ -3.991023220999978, 5.381760150000048 ], [ -3.991100007999933, 5.382155184000055 ], [ -3.991120097999953, 5.382544658000029 ], [ -3.991155464999963, 5.383137622000049 ], [ -3.991193133999957, 5.383410046000051 ], [ -3.991240218999963, 5.383750293000048 ], [ -3.991339250999943, 5.383774440000025 ], [ -3.991315113999974, 5.384195644000044 ], [ -3.991254090999973, 5.384653653000044 ], [ -3.991180003999943, 5.385055717000057 ], [ -3.99310103199997, 5.385306419000074 ], [ -3.992728423999949, 5.388581364000061 ], [ -3.992228357999977, 5.392390745000057 ], [ -3.990393188999974, 5.392228660000058 ], [ -3.983129445999964, 5.391366447000053 ], [ -3.983179807999932, 5.390717563000067 ], [ -3.982077444999959, 5.390044838000051 ], [ -3.976203188999932, 5.392361279000056 ] ] ] ] } },
{ "type": "Feature", "properties": { "id": 31.0, "objectid": 32.0, "area": 3801306.969, "commune": "COCODY", "nom_quar": "BONOUMIN", "shape_leng": 0.086496414527499996, "shape_area": 0.00031030247533500002, "commune_id": 4.0 }, "geometry": { "type": "MultiPolygon", "coordinates": [ [ [ [ -3.964596399999948, 5.371879883000076 ], [ -3.964490203999958, 5.371544674000063 ], [ -3.96483096399993, 5.371412594000049 ], [ -3.962873505999937, 5.364268829000025 ], [ -3.961670667999954, 5.359752632000038 ], [ -3.963033936999977, 5.359020653000073 ], [ -3.964717696999969, 5.358006070000044 ], [ -3.965174198999932, 5.357770740000035 ], [ -3.966332924999961, 5.35717419100007 ], [ -3.966995450999946, 5.356855432000032 ], [ -3.967375940999943, 5.356705586000032 ], [ -3.969829620999974, 5.355886508000026 ], [ -3.969904318999966, 5.355863211000042 ], [ -3.977068287999941, 5.353651024000044 ], [ -3.982175369999936, 5.352091617000042 ], [ -3.982204655999965, 5.35241832600002 ], [ -3.982409172999951, 5.352453049000076 ], [ -3.982308888999967, 5.354469152000036 ], [ -3.981915885999967, 5.355433658000038 ], [ -3.982903648999979, 5.355874722000067 ], [ -3.982749983999952, 5.358898881000073 ], [ -3.981399995999936, 5.358919702000037 ], [ -3.981423523999979, 5.360409291000053 ], [ -3.981477960999939, 5.360767618000068 ], [ -3.98070473599995, 5.360989334000067 ], [ -3.980681146999927, 5.361052688000029 ], [ -3.980930023999974, 5.362552091000055 ], [ -3.981789568999943, 5.362342674000047 ], [ -3.982073888999935, 5.362899627000047 ], [ -3.982258824999974, 5.363209692000055 ], [ -3.982612136999933, 5.363701521000053 ], [ -3.982820173999926, 5.363995720000048 ], [ -3.983041002999926, 5.364176269000041 ], [ -3.981854397999939, 5.365693140000076 ], [ -3.979699641999957, 5.366897471000073 ], [ -3.973072516999935, 5.368589285000041 ], [ -3.973394692999932, 5.370269998000026 ], [ -3.972838724999974, 5.37227234300002 ], [ -3.971960195999941, 5.372353801000031 ], [ -3.97236313999997, 5.374594794000075 ], [ -3.968929645999935, 5.375400840000054 ], [ -3.970104722999963, 5.378140970000061 ], [ -3.966778236999971, 5.378766710000036 ], [ -3.964596399999948, 5.371879883000076 ] ] ] ] } },
{ "type": "Feature", "properties": { "id": 32.0, "objectid": 33.0, "area": 1809517.673, "commune": "COCODY", "nom_quar": "ATTOBAN", "shape_leng": 0.053957224380600001, "shape_area": 0.000147713050925, "commune_id": 4.0 }, "geometry": { "type": "MultiPolygon", "coordinates": [ [ [ [ -3.983041002999926, 5.364176269000041 ], [ -3.983258846999945, 5.364429749000067 ], [ -3.983561220999945, 5.364636171000029 ], [ -3.983623161999958, 5.364923821000048 ], [ -3.983868880999978, 5.364973174000056 ], [ -3.984137663999945, 5.36498348300006 ], [ -3.984300527999949, 5.365069715000061 ], [ -3.98445914399997, 5.365144648000069 ], [ -3.984608727999955, 5.365215072000069 ], [ -3.984755520999954, 5.365303592000032 ], [ -3.984885768999959, 5.365450931000055 ], [ -3.985002453999925, 5.365582463000067 ], [ -3.985585412999967, 5.366123103000064 ], [ -3.985816798999963, 5.366378821000069 ], [ -3.986302118999959, 5.366881741000043 ], [ -3.986706106999975, 5.36836901700002 ], [ -3.986761057999956, 5.368693424000071 ], [ -3.986947771999951, 5.368877982000072 ], [ -3.987067969999941, 5.369088654000052 ], [ -3.987151509999933, 5.369652710000025 ], [ -3.98727372999997, 5.370068590000074 ], [ -3.987303063999946, 5.370597118000035 ], [ -3.987611572999981, 5.371922518000076 ], [ -3.981393710999953, 5.377302316000055 ], [ -3.973645767999926, 5.377474850000056 ], [ -3.970104722999963, 5.378140970000061 ], [ -3.968929645999935, 5.375400840000054 ], [ -3.97236313999997, 5.374594794000075 ], [ -3.971960195999941, 5.372353801000031 ], [ -3.972838724999974, 5.37227234300002 ], [ -3.973394692999932, 5.370269998000026 ], [ -3.973072516999935, 5.368589285000041 ], [ -3.979699641999957, 5.366897471000073 ], [ -3.981854397999939, 5.365693140000076 ], [ -3.983041002999926, 5.364176269000041 ] ] ] ] } },
{ "type": "Feature", "properties": { "id": 33.0, "objectid": 34.0, "area": 1820695.592, "commune": "COCODY", "nom_quar": "ANONO", "shape_leng": 0.053030468088299997, "shape_area": 0.000148619765929, "commune_id": 4.0 }, "geometry": { "type": "MultiPolygon", "coordinates": [ [ [ [ -3.963765611999975, 5.34737943500005 ], [ -3.963659248999932, 5.346991222000042 ], [ -3.963763716999949, 5.345625795000046 ], [ -3.964179703999946, 5.344012831000043 ], [ -3.964400937999926, 5.343377623000038 ], [ -3.964892377999945, 5.342587090000052 ], [ -3.965992849999964, 5.341003578000027 ], [ -3.966726292999965, 5.339699348000067 ], [ -3.967412598999942, 5.338909639000065 ], [ -3.968240673999958, 5.338249165000036 ], [ -3.967460306999953, 5.337342677000038 ], [ -3.967823911999972, 5.336651653000047 ], [ -3.968856723999977, 5.335983861000045 ], [ -3.970333079999932, 5.335611441000026 ], [ -3.97225274699997, 5.335386352000057 ], [ -3.974321155999974, 5.335827186000074 ], [ -3.974986243999979, 5.336122204000048 ], [ -3.975798089999955, 5.335824843000069 ], [ -3.976463295999963, 5.336193878000074 ], [ -3.974255954999933, 5.341304635000029 ], [ -3.973962785999959, 5.342711446000067 ], [ -3.974779556999977, 5.345522839000068 ], [ -3.976265076999937, 5.350923800000032 ], [ -3.976305811999964, 5.351482890000057 ], [ -3.976261114999943, 5.351489380000032 ], [ -3.975710128999935, 5.351534917000038 ], [ -3.973856116999968, 5.351687110000057 ], [ -3.972243501999969, 5.351834957000051 ], [ -3.971905981999953, 5.351868846000059 ], [ -3.971581771999979, 5.351937199000076 ], [ -3.971045919999938, 5.352102557000023 ], [ -3.970435660999954, 5.352296865000028 ], [ -3.969691750999971, 5.352686420000055 ], [ -3.969629362999967, 5.351571697000054 ], [ -3.968114557999968, 5.35043326300007 ], [ -3.964671373999977, 5.348597420000033 ], [ -3.963943058999973, 5.347778842000025 ], [ -3.963765611999975, 5.34737943500005 ] ] ] ] } },
{ "type": "Feature", "properties": { "id": 34.0, "objectid": 35.0, "area": 2579116.298, "commune": "COCODY", "nom_quar": "RIVERA GOLF 1", "shape_leng": 0.077675953691, "shape_area": 0.000210525796682, "commune_id": 4.0 }, "geometry": { "type": "MultiPolygon", "coordinates": [ [ [ [ -3.976305811999964, 5.351482890000057 ], [ -3.976265076999937, 5.350923800000032 ], [ -3.974779556999977, 5.345522839000068 ], [ -3.973962785999959, 5.342711446000067 ], [ -3.974255954999933, 5.341304635000029 ], [ -3.976463295999963, 5.336193878000074 ], [ -3.975798089999955, 5.335824843000069 ], [ -3.974986243999979, 5.336122204000048 ], [ -3.974321155999974, 5.335827186000074 ], [ -3.97225274699997, 5.335386352000057 ], [ -3.970333079999932, 5.335611441000026 ], [ -3.968856723999977, 5.335983861000045 ], [ -3.967823911999972, 5.336651653000047 ], [ -3.967460306999953, 5.337342677000038 ], [ -3.96739112399996, 5.337262313000053 ], [ -3.96748243199994, 5.335420903000056 ], [ -3.967510838999942, 5.334652015000074 ], [ -3.967508859999953, 5.333928400000048 ], [ -3.967522954999936, 5.333564308000064 ], [ -3.967661754999938, 5.331795750000026 ], [ -3.971841277999943, 5.331730937000032 ], [ -3.972053008999978, 5.331694987000049 ], [ -3.972194163999973, 5.331612227000051 ], [ -3.972429170999931, 5.331493703000035 ], [ -3.972734628999945, 5.331163070000059 ], [ -3.973098386999936, 5.330785424000055 ], [ -3.973738583999932, 5.330096411000056 ], [ -3.973972823999929, 5.329848993000041 ], [ -3.974218153999971, 5.329660917000069 ], [ -3.974417156999948, 5.329601809000053 ], [ -3.97462805899994, 5.329577731000029 ], [ -3.974925431999964, 5.329665451000039 ], [ -3.975131703999978, 5.329745401000025 ], [ -3.975285278999934, 5.329849742000022 ], [ -3.975608990999945, 5.330009217000054 ], [ -3.976130498999964, 5.330238477000023 ], [ -3.976386699999978, 5.330326827000022 ], [ -3.976707381999972, 5.33035288800005 ], [ -3.977345352999976, 5.33022128600004 ], [ -3.978206253999929, 5.33000396500006 ], [ -3.979114763999974, 5.32975547500007 ], [ -3.979689779999944, 5.329581571000062 ], [ -3.979865656999948, 5.329522497000028 ], [ -3.980088421999938, 5.329510271000061 ], [ -3.980310922999934, 5.329509917000053 ], [ -3.980533254999955, 5.329580228000054 ], [ -3.980717325999933, 5.329708829000026 ], [ -3.980891235999934, 5.329831793000039 ], [ -3.981010160999972, 5.329958236000039 ], [ -3.981126587999938, 5.330110122000065 ], [ -3.981232001999956, 5.330252981000058 ], [ -3.98174892399993, 5.331144803000029 ], [ -3.982224914999961, 5.33201125000005 ], [ -3.982670760999952, 5.332717193000065 ], [ -3.983070592999979, 5.33339324700006 ], [ -3.983316670999955, 5.333853592000025 ], [ -3.983501125999965, 5.334222453000052 ], [ -3.983563214999947, 5.334606774000065 ], [ -3.983533491999935, 5.335068125000021 ], [ -3.983520130999977, 5.335532277000027 ], [ -3.983521138999947, 5.336166003000073 ], [ -3.983550635999961, 5.33644861700003 ], [ -3.983589816999938, 5.336614194000049 ], [ -3.983667897999965, 5.336769533000052 ], [ -3.983765454999968, 5.336935582000024 ], [ -3.983931021999979, 5.337130354000067 ], [ -3.984086938999951, 5.337286134000067 ], [ -3.984416560999932, 5.337611232000029 ], [ -3.984169557999962, 5.339226756000073 ], [ -3.984155508999947, 5.339435948000073 ], [ -3.984098260999929, 5.33961298600002 ], [ -3.98393815999998, 5.339840502000072 ], [ -3.983855585999947, 5.340051500000072 ], [ -3.983645025999976, 5.340292099000067 ], [ -3.983336064999946, 5.340722804000052 ], [ -3.983154111999966, 5.341041372000063 ], [ -3.983077820999938, 5.341302674000076 ], [ -3.983013803999938, 5.341479157000038 ], [ -3.982783419999976, 5.341844725000044 ], [ -3.982643524999958, 5.342188100000044 ], [ -3.982690364999939, 5.343090281000059 ], [ -3.982695013999944, 5.343175637000058 ], [ -3.982845469999972, 5.345390898000062 ], [ -3.982775690999972, 5.345668018000026 ], [ -3.982692853999936, 5.345892019000075 ], [ -3.982650682999974, 5.346151004000035 ], [ -3.98258943299993, 5.346471641000051 ], [ -3.982519144999969, 5.347137704000033 ], [ -3.982475708999971, 5.347487709000063 ], [ -3.982455863999974, 5.347776620000047 ], [ -3.982521565999946, 5.348656724000023 ], [ -3.982547144999955, 5.349134946000049 ], [ -3.982619473999932, 5.349748771000066 ], [ -3.98264144999996, 5.350089626000056 ], [ -3.982173070999977, 5.352065050000022 ], [ -3.982175369999936, 5.352091617000042 ], [ -3.977068287999941, 5.353651024000044 ], [ -3.976830263999943, 5.352582941000037 ], [ -3.976537907999955, 5.35157543400004 ], [ -3.976469757999951, 5.351459086000034 ], [ -3.976305811999964, 5.351482890000057 ] ] ] ] } },
{ "type": "Feature", "properties": { "id": 37.0, "objectid": 38.0, "area": 2203291.699, "commune": "COCODY", "nom_quar": "RIVERA PALMERAIE", "shape_leng": 0.060133892365400003, "shape_area": 0.000179858964436, "commune_id": 4.0 }, "geometry": { "type": "MultiPolygon", "coordinates": [ [ [ [ -3.953207678999945, 5.378419811000072 ], [ -3.952108263999946, 5.376642005000065 ], [ -3.949639850999972, 5.371936762000075 ], [ -3.948068035999938, 5.368276577000074 ], [ -3.949291536999965, 5.365402983000024 ], [ -3.951791391999961, 5.364682911000045 ], [ -3.954549261999944, 5.363706896000053 ], [ -3.957679077999956, 5.362132308000071 ], [ -3.958846989999927, 5.361118162000025 ], [ -3.959151420999945, 5.36122643300007 ], [ -3.961670667999954, 5.359752632000038 ], [ -3.962873505999937, 5.364268829000025 ], [ -3.96483096399993, 5.371412594000049 ], [ -3.964490203999958, 5.371544674000063 ], [ -3.964596399999948, 5.371879883000076 ], [ -3.962913797999931, 5.371243248000042 ], [ -3.960237284999948, 5.376554516000056 ], [ -3.956057118999979, 5.374169167000048 ], [ -3.954868163999947, 5.376936681000075 ], [ -3.953678385999979, 5.379180963000067 ], [ -3.953207678999945, 5.378419811000072 ] ] ] ] } },
{ "type": "Feature", "properties": { "id": 38.0, "objectid": 39.0, "area": 2362500.976, "commune": "COCODY", "nom_quar": "AKOUEDO NOUVEAU", "shape_leng": 0.061825250263600001, "shape_area": 0.00019285897646, "commune_id": 4.0 }, "geometry": { "type": "MultiPolygon", "coordinates": [ [ [ [ -3.939432840999928, 5.374016355000037 ], [ -3.938512679999974, 5.370216922000054 ], [ -3.940015848999963, 5.36978397300004 ], [ -3.94307196799997, 5.368732795000028 ], [ -3.944636736999939, 5.367833407000035 ], [ -3.946424889999946, 5.366709426000057 ], [ -3.949182319999977, 5.365434443000026 ], [ -3.949291536999965, 5.365402983000024 ], [ -3.948068035999938, 5.368276577000074 ], [ -3.949639850999972, 5.371936762000075 ], [ -3.952108263999946, 5.376642005000065 ], [ -3.953207678999945, 5.378419811000072 ], [ -3.949877722999929, 5.381055581000055 ], [ -3.949290591999954, 5.387185787000021 ], [ -3.942878260999976, 5.388242217000027 ], [ -3.939432840999928, 5.374016355000037 ] ] ] ] } },
{ "type": "Feature", "properties": { "id": 39.0, "objectid": 40.0, "area": 1496028.885, "commune": "COCODY", "nom_quar": "AKOUEDO VILLAGE", "shape_leng": 0.046722486272900002, "shape_area": 0.00012212235771099999, "commune_id": 4.0 }, "geometry": { "type": "MultiPolygon", "coordinates": [ [ [ [ -3.933406928999943, 5.348952582000038 ], [ -3.940282877999948, 5.348763607000024 ], [ -3.94027708599998, 5.348664118000045 ], [ -3.944544034999979, 5.34852243000006 ], [ -3.944310755999936, 5.349819736000029 ], [ -3.943866964999927, 5.352212344000066 ], [ -3.942899873999977, 5.353783533000069 ], [ -3.941559779999977, 5.355280548000053 ], [ -3.940817553999977, 5.357598867000036 ], [ -3.940225165999948, 5.360365442000045 ], [ -3.938735439999959, 5.361563693000051 ], [ -3.93657507599994, 5.36313670800007 ], [ -3.934711534999963, 5.363737541000035 ], [ -3.933742131999963, 5.363813770000036 ], [ -3.933516580999935, 5.36261814900007 ], [ -3.932916438999939, 5.360301882000044 ], [ -3.933360954999955, 5.358357760000047 ], [ -3.933432808999953, 5.356563702000074 ], [ -3.933207942999957, 5.355816566000044 ], [ -3.932981944999938, 5.354321953000067 ], [ -3.932978318999972, 5.351930027000037 ], [ -3.933406928999943, 5.348952582000038 ] ] ] ] } },
{ "type": "Feature", "properties": { "id": 40.0, "objectid": 41.0, "area": 13183316.687000001, "commune": "COCODY", "nom_quar": "AKOUEDO ANCIEN", "shape_leng": 0.17441802279099999, "shape_area": 0.0010761820399, "commune_id": 4.0 }, "geometry": { "type": "MultiPolygon", "coordinates": [ [ [ [ -3.908203500999946, 5.373550065000074 ], [ -3.90345820899995, 5.36042083600006 ], [ -3.905903776999935, 5.349877692000064 ], [ -3.91379984799994, 5.343736614000022 ], [ -3.916736605999972, 5.339645527000073 ], [ -3.926684293999926, 5.34210943100004 ], [ -3.92671607799997, 5.342155159000072 ], [ -3.926746047999927, 5.342205994000039 ], [ -3.926885262999974, 5.342326765000053 ], [ -3.926998168999944, 5.342393304000041 ], [ -3.927159630999938, 5.34249255900005 ], [ -3.927245457999959, 5.342555181000023 ], [ -3.927341472999956, 5.342641532000073 ], [ -3.927486888999965, 5.342760032000058 ], [ -3.927670097999965, 5.34288073700003 ], [ -3.927884333999941, 5.343004786000051 ], [ -3.928033349999964, 5.343078620000028 ], [ -3.928085533999933, 5.343086455000048 ], [ -3.928123625999945, 5.343099401000075 ], [ -3.928191316999971, 5.34310438600005 ], [ -3.928254528999958, 5.34313142700006 ], [ -3.928316928999948, 5.343181082000058 ], [ -3.928377341999976, 5.343221694000022 ], [ -3.928454105999947, 5.343258890000072 ], [ -3.928530852999927, 5.343284779000044 ], [ -3.928606741999943, 5.343302190000031 ], [ -3.92868882199997, 5.343311111000048 ], [ -3.928764717999968, 5.343334175000052 ], [ -3.92883330799998, 5.343374210000036 ], [ -3.928897373999973, 5.343406337000033 ], [ -3.928956917999926, 5.34343168700002 ], [ -3.929016719999936, 5.343441772000062 ], [ -3.929042660999926, 5.343438341000024 ], [ -3.929196944999944, 5.349068249000027 ], [ -3.933406928999943, 5.348952582000038 ], [ -3.932978318999972, 5.351930027000037 ], [ -3.932981944999938, 5.354321953000067 ], [ -3.933207942999957, 5.355816566000044 ], [ -3.933432808999953, 5.356563702000074 ], [ -3.933360954999955, 5.358357760000047 ], [ -3.932916438999939, 5.360301882000044 ], [ -3.933516580999935, 5.36261814900007 ], [ -3.933742131999963, 5.363813770000036 ], [ -3.934711534999963, 5.363737541000035 ], [ -3.93657507599994, 5.36313670800007 ], [ -3.938735439999959, 5.361563693000051 ], [ -3.940225165999948, 5.360365442000045 ], [ -3.940817553999977, 5.357598867000036 ], [ -3.941559779999977, 5.355280548000053 ], [ -3.942899873999977, 5.353783533000069 ], [ -3.943866964999927, 5.352212344000066 ], [ -3.944310755999936, 5.349819736000029 ], [ -3.944544034999979, 5.34852243000006 ], [ -3.945400225999947, 5.348493996000059 ], [ -3.950510215999941, 5.35041048000005 ], [ -3.950468146999981, 5.350562054000022 ], [ -3.950421640999934, 5.350762252000038 ], [ -3.950427530999946, 5.350923927000053 ], [ -3.95043355699994, 5.351173792000054 ], [ -3.950469391999945, 5.351368775000026 ], [ -3.950523026999974, 5.351767814000027 ], [ -3.950603328999932, 5.352269136000075 ], [ -3.950629934999938, 5.352879649000045 ], [ -3.950617911999927, 5.353494745000035 ], [ -3.950630797999963, 5.353621359000044 ], [ -3.950643763999949, 5.353799982000055 ], [ -3.950669432999973, 5.354168537000021 ], [ -3.950759943999969, 5.355070660000024 ], [ -3.950837227999955, 5.355808294000042 ], [ -3.950961531999951, 5.357772617000023 ], [ -3.951006438999968, 5.358727952000038 ], [ -3.951368991999971, 5.358829148000041 ], [ -3.952805014999967, 5.359175723000021 ], [ -3.954299157999969, 5.359536902000059 ], [ -3.954632662999927, 5.359638141000062 ], [ -3.954937379999933, 5.359724727000071 ], [ -3.955227714999978, 5.359811900000068 ], [ -3.956475248999936, 5.360274651000054 ], [ -3.958846989999927, 5.361118162000025 ], [ -3.957679077999956, 5.362132308000071 ], [ -3.954549261999944, 5.363706896000053 ], [ -3.951791391999961, 5.364682911000045 ], [ -3.949291536999965, 5.365402983000024 ], [ -3.949182319999977, 5.365434443000026 ], [ -3.946424889999946, 5.366709426000057 ], [ -3.944636736999939, 5.367833407000035 ], [ -3.94307196799997, 5.368732795000028 ], [ -3.940015848999963, 5.36978397300004 ], [ -3.938512679999974, 5.370216922000054 ], [ -3.936884908999957, 5.370685756000057 ], [ -3.932672730999968, 5.371701299000051 ], [ -3.932194144999926, 5.371830565000039 ], [ -3.92849799399994, 5.372828880000043 ], [ -3.925963422999928, 5.373580210000057 ], [ -3.923055945999977, 5.374332094000067 ], [ -3.920520572999976, 5.374560167000027 ], [ -3.916903508999951, 5.37460298700006 ], [ -3.913994670999955, 5.37445785400007 ], [ -3.911010585999975, 5.373864329000071 ], [ -3.908203500999946, 5.373550065000074 ] ] ] ] } }
]
}
